Date,Product,Region,Category,Sales,Quantity,Profit,Month,Year
2023-09-28,Mouse,North,Accessories,3872,21,1371,2023-09,2023
2023-08-03,Monitor,East,Electronics,4526,11,835,2023-08,2023
2024-10-25,Headphones,West,Accessories,230,22,204,2024-10,2024
2023-12-10,Headphones,South,Accessories,2533,21,678,2023-12,2023
2023-11-10,Laptop,West,Electronics,4217,44,550,2023-11,2023
2024-04-19,Laptop,North,Electronics,1182,42,71,2024-04,2024
2023-07-09,Mouse,West,Accessories,2834,44,977,2023-07,2023
2024-05-19,Mouse,West,Accessories,3302,37,1225,2024-05,2024
2023-01-21,Keyboard,East,Accessories,2988,39,943,2023-01,2023
2024-08-23,Monitor,West,Electronics,2463,14,465,2024-08,2024
2023-12-12,Monitor,South,Electronics,2712,2,349,2023-12,2023
2024-01-02,Mouse,West,Accessories,1578,44,455,2024-01,2024
2023-02-04,Headphones,West,Accessories,3252,36,789,2023-02,2023
2024-01-23,Monitor,West,Electronics,3173,6,603,2024-01,2024
2024-04-21,Monitor,West,Electronics,4898,18,936,2024-04,2024
2023-06-11,Monitor,West,Electronics,4397,36,842,2023-06,2023
2024-12-02,Mouse,North,Accessories,437,47,142,2024-12,2024
2023-08-05,Headphones,West,Accessories,4959,45,1155,2023-08,2023
2023-01-15,Laptop,North,Electronics,3984,1,524,2023-01,2023
2024-06-04,Laptop,East,Electronics,2127,8,340,2024-06,2024
2024-08-15,Keyboard,East,Accessories,491,35,108,2024-08,2024
2024-01-14,Keyboard,North,Accessories,3661,39,1124,2024-01,2024
2023-01-28,Monitor,North,Electronics,300,8,57,2023-01,2023
2023-02-02,Mouse,South,Accessories,4698,23,1591,2023-02,2023
2024-11-14,Headphones,East,Accessories,2873,27,699,2024-11,2024
2024-09-04,Keyboard,North,Accessories,2790,1,943,2024-09,2024
2024-05-17,Headphones,South,Accessories,4593,39,1207,2024-05,2024
2023-07-26,Keyboard,North,Accessories,1584,32,600,2023-07,2023
2023-04-06,Laptop,West,Electronics,1857,37,206,2023-04,2023
2023-06-20,Headphones,East,Accessories,4736,36,1250,2023-06,2023
2024-11-29,Headphones,West,Accessories,3414,22,902,2024-11,2024
2024-11-12,Mouse,South,Accessories,1697,6,666,2024-11,2024
2024-09-11,Mouse,West,Accessories,3727,20,1289,2024-09,2024
2024-05-20,Keyboard,West,Accessories,2138,28,767,2024-05,2024
2023-07-09,Laptop,East,Electronics,1406,13,114,2023-07,2023
2023-12-25,Laptop,East,Electronics,809,8,9,2023-12,2023
2023-11-14,Keyboard,North,Accessories,3848,33,1093,2023-11,2023
2024-11-14,Keyboard,South,Accessories,763,15,259,2024-11,2024
2024-11-02,Keyboard,South,Accessories,1595,41,440,2024-11,2024
2024-05-11,Mouse,North,Accessories,4759,12,1590,2024-05,2024
2023-04-23,Monitor,East,Electronics,1736,49,269,2023-04,2023
2023-04-23,Laptop,East,Electronics,4197,2,504,2023-04,2023
2023-08-13,Mouse,South,Accessories,3574,2,1343,2023-08,2023
2024-12-30,Headphones,West,Accessories,1833,32,464,2024-12,2024
2023-07-22,Mouse,East,Accessories,3355,17,1123,2023-07,2023
2024-09-01,Headphones,West,Accessories,297,22,186,2024-09,2024
2023-05-24,Keyboard,East,Accessories,708,9,110,2023-05,2023
2023-11-22,Mouse,East,Accessories,2611,29,893,2023-11,2023
2024-02-07,Keyboard,West,Accessories,1469,3,424,2024-02,2024
2024-12-11,Keyboard,West,Accessories,1943,41,523,2024-12,2024
2024-10-01,Laptop,West,Electronics,2485,40,292,2024-10,2024
2024-04-17,Laptop,East,Electronics,4161,42,430,2024-04,2024
2023-05-24,Keyboard,East,Accessories,723,49,216,2023-05,2023
2023-10-31,Monitor,North,Electronics,3823,5,688,2023-10,2023
2023-01-09,Headphones,West,Accessories,3270,19,756,2023-01,2023
2023-06-01,Keyboard,West,Accessories,3291,33,993,2023-06,2023
2024-09-16,Mouse,East,Accessories,1545,40,509,2024-09,2024
2023-08-15,Mouse,South,Accessories,3283,25,1049,2023-08,2023
2023-12-04,Keyboard,North,Accessories,3877,35,1177,2023-12,2023
2023-06-10,Headphones,North,Accessories,4593,21,1153,2023-06,2023
2024-01-27,Mouse,West,Accessories,1318,17,523,2024-01,2024
2024-04-04,Laptop,West,Electronics,1054,22,111,2024-04,2024
2024-03-13,Headphones,East,Accessories,3454,27,821,2024-03,2024
2024-08-31,Monitor,North,Electronics,1059,33,139,2024-08,2024
2024-10-20,Headphones,West,Accessories,4742,49,1116,2024-10,2024
2023-08-08,Laptop,West,Electronics,2305,29,299,2023-08,2023
2023-04-09,Headphones,South,Accessories,1160,24,233,2023-04,2023
2023-10-29,Headphones,North,Accessories,4376,31,1169,2023-10,2023
2023-04-26,Keyboard,West,Accessories,290,21,138,2023-04,2023
2023-11-19,Laptop,West,Electronics,227,18,-1,2023-11,2023
2024-07-19,Laptop,South,Electronics,669,3,102,2024-07,2024
2024-10-24,Monitor,West,Electronics,3109,27,536,2024-10,2024
2023-04-14,Monitor,South,Electronics,4441,48,802,2023-04,2023
2024-06-21,Headphones,South,Accessories,1941,25,474,2024-06,2024
2024-05-20,Headphones,West,Accessories,3050,36,623,2024-05,2024
2023-11-17,Headphones,West,Accessories,3947,46,977,2023-11,2023
2024-04-15,Mouse,East,Accessories,1266,28,513,2024-04,2024
2024-12-27,Monitor,South,Electronics,2082,22,385,2024-12,2024
2024-11-28,Keyboard,North,Accessories,674,22,329,2024-11,2024
2023-12-08,Monitor,South,Electronics,1815,42,207,2023-12,2023
2024-09-04,Keyboard,West,Accessories,3224,44,1068,2024-09,2024
2023-04-13,Mouse,North,Accessories,4969,45,1745,2023-04,2023
2023-02-16,Mouse,South,Accessories,4464,42,1597,2023-02,2023
2023-04-30,Keyboard,North,Accessories,930,19,270,2023-04,2023
2023-12-12,Mouse,South,Accessories,840,26,254,2023-12,2023
2023-05-07,Headphones,South,Accessories,2031,1,595,2023-05,2023
2024-05-27,Monitor,South,Electronics,2949,32,458,2024-05,2024
2023-08-25,Laptop,West,Electronics,3443,39,258,2023-08,2023
2023-09-04,Headphones,South,Accessories,3247,26,819,2023-09,2023
2023-03-27,Keyboard,North,Accessories,2844,29,822,2023-03,2023
2023-02-16,Mouse,North,Accessories,2241,46,713,2023-02,2023
2023-07-23,Mouse,North,Accessories,3059,26,1139,2023-07,2023
2023-12-07,Monitor,West,Electronics,4746,36,840,2023-12,2023
2023-12-23,Laptop,South,Electronics,2170,10,269,2023-12,2023
2023-06-29,Headphones,West,Accessories,3830,32,969,2023-06,2023
2023-11-21,Laptop,West,Electronics,4711,16,535,2023-11,2023
2023-06-09,Monitor,North,Electronics,3646,20,697,2023-06,2023
2024-11-05,Mouse,South,Accessories,2527,33,867,2024-11,2024
2024-11-21,Laptop,North,Electronics,3598,37,382,2024-11,2024
2024-07-30,Mouse,East,Accessories,4013,43,1443,2024-07,2024
2024-02-01,Mouse,North,Accessories,4207,31,1442,2024-02,2024
2024-05-13,Monitor,North,Electronics,853,35,194,2024-05,2024
2024-08-27,Laptop,South,Electronics,1725,34,220,2024-08,2024
2023-07-15,Keyboard,North,Accessories,925,45,257,2023-07,2023
2024-01-11,Keyboard,North,Accessories,828,21,137,2024-01,2024
2024-11-06,Headphones,North,Accessories,3565,37,831,2024-11,2024
2023-07-11,Laptop,West,Electronics,2886,49,347,2023-07,2023
2024-07-01,Keyboard,West,Accessories,2243,24,730,2024-07,2024
2024-01-04,Headphones,West,Accessories,3866,13,989,2024-01,2024
2023-09-30,Laptop,East,Electronics,4052,20,536,2023-09,2023
2024-02-01,Laptop,South,Electronics,798,19,63,2024-02,2024
2024-01-31,Laptop,West,Electronics,4271,9,473,2024-01,2024
2024-01-19,Mouse,South,Accessories,3677,47,1340,2024-01,2024
2023-04-09,Headphones,North,Accessories,4591,25,1087,2023-04,2023
2024-04-13,Mouse,East,Accessories,3736,23,1263,2024-04,2024
2023-04-19,Laptop,East,Electronics,3082,14,363,2023-04,2023
2023-06-12,Monitor,North,Electronics,832,43,158,2023-06,2023
2024-08-10,Keyboard,South,Accessories,1053,44,280,2024-08,2024
2023-08-18,Laptop,North,Electronics,1642,46,202,2023-08,2023
2023-06-19,Headphones,West,Accessories,3093,27,807,2023-06,2023
2024-05-31,Monitor,South,Electronics,3336,38,552,2024-05,2024
2024-05-10,Keyboard,West,Accessories,1488,1,454,2024-05,2024
2024-05-25,Mouse,North,Accessories,4412,45,1494,2024-05,2024
2023-03-11,Mouse,West,Accessories,3586,19,1267,2023-03,2023
2023-07-01,Headphones,West,Accessories,2314,27,533,2023-07,2023
2024-06-14,Monitor,South,Electronics,4234,3,762,2024-06,2024
2023-08-08,Headphones,North,Accessories,3809,20,841,2023-08,2023
2023-12-27,Mouse,West,Accessories,2058,1,692,2023-12,2023
2023-12-14,Keyboard,North,Accessories,4385,49,1372,2023-12,2023
2023-04-27,Laptop,West,Electronics,233,44,24,2023-04,2023
2023-06-22,Headphones,West,Accessories,1952,47,490,2023-06,2023
2023-08-01,Headphones,West,Accessories,4398,37,1043,2023-08,2023
2024-10-20,Mouse,East,Accessories,3612,18,1347,2024-10,2024
2024-06-09,Laptop,North,Electronics,3586,1,282,2024-06,2024
2023-09-16,Headphones,South,Accessories,2803,23,661,2023-09,2023
2023-01-12,Laptop,East,Electronics,1453,32,140,2023-01,2023
2024-10-29,Mouse,West,Accessories,4568,8,1610,2024-10,2024
2024-11-06,Monitor,West,Electronics,4285,8,719,2024-11,2024
2023-06-27,Monitor,West,Electronics,639,28,65,2023-06,2023
2024-12-04,Headphones,North,Accessories,2608,28,655,2024-12,2024
2024-07-11,Headphones,North,Accessories,3424,6,774,2024-07,2024
2023-09-13,Monitor,East,Electronics,4904,47,886,2023-09,2023
2023-01-10,Laptop,South,Electronics,2971,30,397,2023-01,2023
2023-01-05,Monitor,East,Electronics,1115,33,239,2023-01,2023
2023-08-12,Laptop,South,Electronics,4258,25,501,2023-08,2023
2024-11-19,Keyboard,East,Accessories,4100,34,1297,2024-11,2024
2024-05-25,Laptop,East,Electronics,484,21,-46,2024-05,2024
2024-12-09,Mouse,North,Accessories,1768,38,613,2024-12,2024
2023-01-23,Keyboard,North,Accessories,3736,37,1138,2023-01,2023
2023-03-24,Monitor,South,Electronics,2148,45,453,2023-03,2023
2024-03-21,Headphones,West,Accessories,4644,49,1163,2024-03,2024
2023-04-05,Monitor,West,Electronics,1674,26,290,2023-04,2023
2024-03-13,Monitor,South,Electronics,2265,3,464,2024-03,2024
2023-09-25,Keyboard,South,Accessories,2084,44,608,2023-09,2023
2024-02-05,Headphones,South,Accessories,4819,47,1207,2024-02,2024
2024-07-31,Headphones,North,Accessories,2222,39,629,2024-07,2024
2023-11-02,Mouse,South,Accessories,1458,27,557,2023-11,2023
2023-11-04,Keyboard,East,Accessories,4444,38,1312,2023-11,2023
2023-12-01,Laptop,West,Electronics,4737,42,558,2023-12,2023
2023-05-13,Keyboard,North,Accessories,4992,4,1521,2023-05,2023
2024-02-05,Monitor,West,Electronics,2932,20,475,2024-02,2024
2023-02-22,Headphones,South,Accessories,4400,43,1090,2023-02,2023
2023-04-21,Keyboard,West,Accessories,860,23,255,2023-04,2023
2024-06-03,Keyboard,South,Accessories,999,40,341,2024-06,2024
2023-10-08,Mouse,West,Accessories,3366,32,1324,2023-10,2023
2023-04-03,Keyboard,East,Accessories,771,19,255,2023-04,2023
2024-04-10,Headphones,North,Accessories,4799,42,1236,2024-04,2024
2024-02-09,Headphones,South,Accessories,623,26,116,2024-02,2024
2023-03-19,Monitor,North,Electronics,1853,45,339,2023-03,2023
2023-09-06,Keyboard,North,Accessories,2361,47,685,2023-09,2023
2023-02-17,Keyboard,East,Accessories,3744,17,1231,2023-02,2023
2023-09-14,Monitor,West,Electronics,2155,49,347,2023-09,2023
2024-11-22,Keyboard,North,Accessories,2866,47,823,2024-11,2024
2023-03-19,Monitor,West,Electronics,3387,2,573,2023-03,2023
2024-06-09,Headphones,South,Accessories,1746,23,467,2024-06,2024
2024-05-22,Keyboard,East,Accessories,3445,38,958,2024-05,2024
2023-01-15,Keyboard,East,Accessories,4680,28,1429,2023-01,2023
2023-09-30,Monitor,East,Electronics,225,44,89,2023-09,2023
2024-06-08,Laptop,North,Electronics,3383,25,478,2024-06,2024
2023-03-08,Mouse,South,Accessories,332,45,183,2023-03,2023
2023-08-16,Monitor,East,Electronics,4306,22,800,2023-08,2023
2024-01-04,Monitor,East,Electronics,2572,37,518,2024-01,2024
2023-11-16,Mouse,South,Accessories,1861,45,540,2023-11,2023
2023-10-16,Headphones,North,Accessories,1560,22,367,2023-10,2023
2024-08-04,Headphones,South,Accessories,2663,30,645,2024-08,2024
2023-12-16,Keyboard,South,Accessories,3835,9,1165,2023-12,2023
2024-06-26,Keyboard,East,Accessories,1163,37,410,2024-06,2024
2023-08-11,Mouse,West,Accessories,105,2,57,2023-08,2023
2023-03-16,Mouse,West,Accessories,103,15,17,2023-03,2023
2024-05-18,Laptop,South,Electronics,4389,15,532,2024-05,2024
2023-01-26,Keyboard,West,Accessories,1241,4,390,2023-01,2023
2023-08-13,Keyboard,West,Accessories,4727,49,1293,2023-08,2023
2023-01-01,Mouse,East,Accessories,4849,38,1649,2023-01,2023
2023-05-19,Headphones,South,Accessories,2126,3,548,2023-05,2023
2024-11-20,Laptop,South,Electronics,2139,10,259,2024-11,2024
2024-10-11,Headphones,East,Accessories,2319,2,551,2024-10,2024
2024-10-03,Headphones,West,Accessories,1719,1,490,2024-10,2024
2024-07-03,Headphones,North,Accessories,2138,35,576,2024-07,2024
2023-11-14,Laptop,North,Electronics,4127,44,457,2023-11,2023
2024-01-11,Monitor,South,Electronics,3630,9,726,2024-01,2024
2024-06-30,Monitor,West,Electronics,2660,40,388,2024-06,2024
2023-12-15,Mouse,West,Accessories,3950,41,1315,2023-12,2023
2023-10-18,Headphones,South,Accessories,4920,37,1122,2023-10,2023
2024-01-14,Headphones,East,Accessories,177,26,77,2024-01,2024
2023-02-11,Mouse,North,Accessories,2236,18,756,2023-02,2023
2024-02-26,Keyboard,North,Accessories,4770,15,1356,2024-02,2024
2023-05-25,Laptop,North,Electronics,1348,47,159,2023-05,2023
2024-09-07,Monitor,South,Electronics,2251,39,426,2024-09,2024
2024-10-07,Keyboard,South,Accessories,2726,7,798,2024-10,2024
2024-07-07,Keyboard,West,Accessories,2135,30,565,2024-07,2024
2023-06-06,Keyboard,West,Accessories,2697,33,802,2023-06,2023
2024-02-15,Headphones,North,Accessories,1050,33,294,2024-02,2024
2024-06-05,Mouse,South,Accessories,4712,10,1674,2024-06,2024
2023-06-08,Laptop,South,Electronics,3328,8,370,2023-06,2023
2023-02-16,Headphones,North,Accessories,2471,12,688,2023-02,2023
2024-02-15,Headphones,South,Accessories,194,36,82,2024-02,2024
2023-10-10,Mouse,South,Accessories,2216,20,758,2023-10,2023
2024-07-03,Keyboard,South,Accessories,3305,8,1018,2024-07,2024
2023-12-29,Monitor,South,Electronics,2543,26,390,2023-12,2023
2023-07-29,Headphones,West,Accessories,1084,33,220,2023-07,2023
2024-04-04,Mouse,East,Accessories,4551,48,1565,2024-04,2024
2023-05-07,Mouse,North,Accessories,3277,49,1232,2023-05,2023
2024-01-13,Mouse,East,Accessories,4246,29,1412,2024-01,2024
2024-02-11,Laptop,South,Electronics,1892,46,227,2024-02,2024
2023-12-12,Headphones,North,Accessories,1745,36,435,2023-12,2023
2024-07-20,Laptop,North,Electronics,2808,47,341,2024-07,2024
2023-05-17,Laptop,North,Electronics,301,26,102,2023-05,2023
2024-07-28,Laptop,East,Electronics,636,26,66,2024-07,2024
2024-01-21,Keyboard,South,Accessories,3381,27,1062,2024-01,2024
2024-06-12,Monitor,East,Electronics,1054,44,148,2024-06,2024
2023-07-01,Keyboard,East,Accessories,4859,25,1503,2023-07,2023
2024-05-15,Mouse,South,Accessories,4480,43,1502,2024-05,2024
2024-04-13,Monitor,West,Electronics,3220,7,558,2024-04,2024
2023-12-27,Laptop,West,Electronics,788,20,226,2023-12,2023
2024-12-01,Mouse,East,Accessories,4522,1,1657,2024-12,2024
2023-08-03,Headphones,South,Accessories,2582,19,602,2023-08,2023
2024-03-04,Headphones,North,Accessories,1600,30,390,2024-03,2024
2024-08-12,Keyboard,South,Accessories,3157,2,956,2024-08,2024
2023-04-24,Mouse,North,Accessories,3393,38,1253,2023-04,2023
2024-10-05,Keyboard,East,Accessories,3435,29,1086,2024-10,2024
2024-04-02,Keyboard,West,Accessories,2001,34,550,2024-04,2024
2023-03-28,Mouse,North,Accessories,154,28,131,2023-03,2023
2023-12-15,Monitor,East,Electronics,3179,1,518,2023-12,2023
2024-03-18,Laptop,East,Electronics,427,47,59,2024-03,2024
2023-02-20,Headphones,East,Accessories,3775,47,1019,2023-02,2023
2023-04-06,Monitor,East,Electronics,1411,46,186,2023-04,2023
2024-03-27,Keyboard,West,Accessories,264,21,136,2024-03,2024
2023-11-26,Monitor,East,Electronics,874,33,243,2023-11,2023
2024-09-15,Headphones,East,Accessories,3552,19,843,2024-09,2024
2024-11-30,Mouse,North,Accessories,4277,2,1436,2024-11,2024
2024-12-09,Laptop,East,Electronics,3694,42,483,2024-12,2024
2024-04-15,Monitor,East,Electronics,3290,12,572,2024-04,2024
2023-09-13,Mouse,North,Accessories,3677,22,1331,2023-09,2023
2024-08-15,Mouse,West,Accessories,2861,30,1140,2024-08,2024
2024-12-27,Keyboard,South,Accessories,4323,32,1296,2024-12,2024
2023-04-25,Laptop,South,Electronics,3380,14,564,2023-04,2023
2023-08-25,Laptop,West,Electronics,1404,39,167,2023-08,2023
2023-10-05,Laptop,South,Electronics,2641,4,388,2023-10,2023
2023-01-29,Monitor,South,Electronics,3280,34,484,2023-01,2023
2023-05-26,Headphones,East,Accessories,2275,21,717,2023-05,2023
2023-02-10,Monitor,West,Electronics,2181,17,455,2023-02,2023
2024-01-13,Headphones,North,Accessories,4783,23,1203,2024-01,2024
2023-12-08,Headphones,South,Accessories,4152,27,967,2023-12,2023
2024-10-07,Laptop,East,Electronics,4926,40,599,2024-10,2024
2024-03-30,Monitor,West,Electronics,3053,45,459,2024-03,2024
2024-04-20,Laptop,South,Electronics,4897,46,719,2024-04,2024
2023-12-29,Monitor,West,Electronics,3876,36,609,2023-12,2023
2023-01-29,Keyboard,South,Accessories,248,11,63,2023-01,2023
2024-11-06,Keyboard,West,Accessories,1236,39,268,2024-11,2024
2023-04-08,Keyboard,South,Accessories,4250,47,1288,2023-04,2023
2023-10-16,Headphones,West,Accessories,1885,36,434,2023-10,2023
2023-09-01,Mouse,East,Accessories,4020,45,1395,2023-09,2023
2023-07-20,Keyboard,South,Accessories,253,2,79,2023-07,2023
2024-12-13,Headphones,North,Accessories,2443,17,607,2024-12,2024
2023-03-02,Laptop,North,Electronics,1038,40,90,2023-03,2023
2023-02-08,Monitor,North,Electronics,4326,37,898,2023-02,2023
2024-03-10,Mouse,West,Accessories,3649,38,1303,2024-03,2024
2023-10-02,Monitor,West,Electronics,1736,44,366,2023-10,2023
2023-01-17,Keyboard,East,Accessories,429,49,42,2023-01,2023
2024-08-14,Mouse,South,Accessories,315,19,95,2024-08,2024
2024-12-27,Headphones,North,Accessories,2521,16,548,2024-12,2024
2023-03-30,Laptop,South,Electronics,3826,26,569,2023-03,2023
2024-06-21,Laptop,North,Electronics,146,32,48,2024-06,2024
2024-12-11,Monitor,West,Electronics,500,23,0,2024-12,2024
2023-03-27,Monitor,North,Electronics,4445,7,828,2023-03,2023
2023-05-17,Headphones,East,Accessories,3030,48,684,2023-05,2023
2024-12-27,Monitor,East,Electronics,1600,18,216,2024-12,2024
2024-02-06,Mouse,East,Accessories,1566,42,514,2024-02,2024
2023-06-08,Laptop,South,Electronics,3323,35,419,2023-06,2023
2023-04-08,Mouse,West,Accessories,230,37,152,2023-04,2023
2023-07-02,Keyboard,West,Accessories,4559,39,1374,2023-07,2023
2023-12-15,Laptop,West,Electronics,1020,13,231,2023-12,2023
2023-01-16,Monitor,North,Electronics,592,42,56,2023-01,2023
2024-03-25,Mouse,South,Accessories,410,35,152,2024-03,2024
2024-02-18,Monitor,South,Electronics,4446,13,813,2024-02,2024
2024-02-20,Headphones,South,Accessories,3910,39,981,2024-02,2024
2024-04-21,Mouse,North,Accessories,4513,44,1557,2024-04,2024
2024-03-15,Laptop,West,Electronics,1871,47,167,2024-03,2024
2023-12-25,Laptop,South,Electronics,4535,5,454,2023-12,2023
2024-11-19,Laptop,South,Electronics,2150,45,192,2024-11,2024
2023-05-26,Monitor,West,Electronics,4488,25,761,2023-05,2023
2024-08-07,Laptop,North,Electronics,4594,49,588,2024-08,2024
2023-05-20,Laptop,West,Electronics,2334,37,222,2023-05,2023
2024-01-15,Headphones,North,Accessories,4905,39,1114,2024-01,2024
2023-08-14,Keyboard,South,Accessories,4967,8,1397,2023-08,2023
2024-07-28,Mouse,North,Accessories,984,45,406,2024-07,2024
2023-08-14,Monitor,East,Electronics,924,26,220,2023-08,2023
2024-05-20,Laptop,North,Electronics,3945,5,576,2024-05,2024
2023-02-16,Headphones,South,Accessories,826,49,352,2023-02,2023
2023-01-20,Laptop,East,Electronics,2013,49,276,2023-01,2023
2024-05-04,Headphones,East,Accessories,2566,18,684,2024-05,2024
2023-01-03,Laptop,West,Electronics,4355,35,652,2023-01,2023
2023-03-30,Headphones,West,Accessories,2476,4,614,2023-03,2023
2023-09-24,Headphones,South,Accessories,1740,3,492,2023-09,2023
2024-06-24,Keyboard,West,Accessories,1318,25,356,2024-06,2024
2023-06-19,Monitor,West,Electronics,4716,15,835,2023-06,2023
2024-01-30,Laptop,North,Electronics,1054,34,158,2024-01,2024
2023-02-07,Mouse,East,Accessories,4072,48,1474,2023-02,2023
2024-03-29,Monitor,South,Electronics,136,48,93,2024-03,2024
2024-08-15,Headphones,West,Accessories,3211,45,750,2024-08,2024
2024-11-28,Headphones,East,Accessories,1691,40,453,2024-11,2024
2023-10-16,Monitor,West,Electronics,1385,24,312,2023-10,2023
2023-06-17,Keyboard,West,Accessories,2239,33,678,2023-06,2023
2024-11-11,Keyboard,East,Accessories,462,45,155,2024-11,2024
2023-06-19,Laptop,North,Electronics,4551,27,606,2023-06,2023
2023-05-13,Mouse,East,Accessories,656,31,235,2023-05,2023
2024-11-02,Monitor,South,Electronics,3608,30,576,2024-11,2024
2023-09-15,Monitor,West,Electronics,688,29,45,2023-09,2023
2023-08-12,Mouse,East,Accessories,3217,27,1187,2023-08,2023
2023-01-17,Laptop,North,Electronics,4555,31,548,2023-01,2023
2024-03-23,Monitor,West,Electronics,4870,48,836,2024-03,2024
2024-03-30,Keyboard,South,Accessories,4781,41,1435,2024-03,2024
2024-02-16,Monitor,East,Electronics,671,15,286,2024-02,2024
2023-10-05,Headphones,North,Accessories,1987,36,526,2023-10,2023
2024-12-31,Monitor,West,Electronics,1140,12,248,2024-12,2024
2024-12-05,Laptop,South,Electronics,121,26,52,2024-12,2024
2023-11-02,Keyboard,South,Accessories,4899,47,1456,2023-11,2023
2024-11-06,Headphones,West,Accessories,862,35,153,2024-11,2024
2024-04-04,Mouse,North,Accessories,128,11,35,2024-04,2024
2023-03-20,Laptop,South,Electronics,4099,11,569,2023-03,2023
2024-06-21,Monitor,East,Electronics,3653,46,584,2024-06,2024
2024-05-30,Monitor,North,Electronics,138,15,-13,2024-05,2024
2023-03-16,Headphones,North,Accessories,1923,2,542,2023-03,2023
2024-04-03,Mouse,South,Accessories,3878,17,1345,2024-04,2024
2024-08-26,Mouse,West,Accessories,1088,21,559,2024-08,2024
2023-03-25,Headphones,East,Accessories,1782,5,503,2023-03,2023
2023-09-14,Keyboard,East,Accessories,4765,38,1427,2023-09,2023
2023-06-12,Monitor,North,Electronics,1955,49,358,2023-06,2023
2024-06-07,Laptop,West,Electronics,1909,15,186,2024-06,2024
2024-06-22,Mouse,West,Accessories,1707,46,563,2024-06,2024
2024-08-27,Laptop,North,Electronics,3480,8,395,2024-08,2024
2024-07-15,Keyboard,South,Accessories,4544,44,1352,2024-07,2024
2024-01-13,Headphones,West,Accessories,3046,20,796,2024-01,2024
2023-07-25,Laptop,South,Electronics,3444,44,361,2023-07,2023
2024-06-04,Mouse,West,Accessories,1116,22,394,2024-06,2024
2024-01-21,Headphones,North,Accessories,683,11,165,2024-01,2024
2023-03-13,Headphones,North,Accessories,3960,18,916,2023-03,2023
2024-05-09,Monitor,South,Electronics,4802,38,829,2024-05,2024
2024-12-29,Keyboard,North,Accessories,2143,38,576,2024-12,2024
2023-08-02,Laptop,West,Electronics,3862,24,435,2023-08,2023
2024-08-10,Laptop,North,Electronics,3036,46,359,2024-08,2024
2024-11-03,Mouse,West,Accessories,813,40,323,2024-11,2024
2023-01-02,Monitor,West,Electronics,2948,41,543,2023-01,2023
2024-08-11,Headphones,South,Accessories,1017,39,243,2024-08,2024
2023-03-31,Monitor,South,Electronics,1809,15,343,2023-03,2023
2024-03-03,Monitor,South,Electronics,1995,11,394,2024-03,2024
2024-09-26,Headphones,East,Accessories,2025,9,389,2024-09,2024
2023-08-11,Laptop,East,Electronics,1539,41,227,2023-08,2023
2023-09-21,Monitor,West,Electronics,4011,28,715,2023-09,2023
2023-04-21,Mouse,South,Accessories,350,7,104,2023-04,2023
2023-07-27,Keyboard,West,Accessories,999,6,338,2023-07,2023
2024-02-14,Monitor,South,Electronics,994,3,162,2024-02,2024
2023-01-14,Laptop,West,Electronics,2234,12,170,2023-01,2023
2023-10-28,Headphones,North,Accessories,1366,19,357,2023-10,2023
2024-09-22,Mouse,North,Accessories,2456,32,764,2024-09,2024
2024-08-16,Keyboard,West,Accessories,2089,18,623,2024-08,2024
2024-07-02,Keyboard,South,Accessories,411,41,31,2024-07,2024
2024-12-14,Keyboard,East,Accessories,854,35,265,2024-12,2024
2023-07-26,Headphones,North,Accessories,452,7,136,2023-07,2023
2024-12-25,Mouse,North,Accessories,258,24,55,2024-12,2024
2024-05-30,Mouse,North,Accessories,2879,44,1104,2024-05,2024
2023-06-01,Mouse,West,Accessories,1812,32,628,2023-06,2023
2023-09-07,Laptop,West,Electronics,3911,2,482,2023-09,2023
2023-10-22,Monitor,West,Electronics,4109,12,753,2023-10,2023
2024-06-13,Keyboard,North,Accessories,3723,21,1066,2024-06,2024
2024-06-03,Laptop,East,Electronics,2247,48,302,2024-06,2024
2024-06-09,Monitor,West,Electronics,101,37,50,2024-06,2024
2024-07-06,Headphones,South,Accessories,2465,47,621,2024-07,2024
2023-05-10,Laptop,West,Electronics,3914,6,446,2023-05,2023
2023-01-28,Laptop,East,Electronics,2213,35,308,2023-01,2023
2024-03-24,Headphones,North,Accessories,4655,36,1142,2024-03,2024
2023-10-30,Headphones,East,Accessories,3566,10,942,2023-10,2023
2023-09-27,Keyboard,South,Accessories,2739,10,751,2023-09,2023
2023-12-27,Headphones,South,Accessories,1380,5,334,2023-12,2023
2024-11-13,Mouse,West,Accessories,2460,20,914,2024-11,2024
2023-04-17,Mouse,North,Accessories,2834,37,982,2023-04,2023
2023-11-01,Mouse,North,Accessories,3668,44,1210,2023-11,2023
2024-12-19,Mouse,East,Accessories,2025,44,816,2024-12,2024
2023-11-30,Keyboard,North,Accessories,1068,37,433,2023-11,2023
2023-01-01,Mouse,South,Accessories,1158,6,474,2023-01,2023
2023-02-28,Headphones,North,Accessories,1108,14,281,2023-02,2023
2023-10-03,Mouse,South,Accessories,2840,24,1054,2023-10,2023
2023-05-06,Keyboard,East,Accessories,4165,25,1262,2023-05,2023
2023-07-04,Monitor,North,Electronics,3349,23,557,2023-07,2023
2023-05-31,Mouse,South,Accessories,4503,16,1515,2023-05,2023
2024-01-10,Monitor,South,Electronics,2133,21,388,2024-01,2024
2024-10-30,Laptop,East,Electronics,4712,47,494,2024-10,2024
2023-11-07,Monitor,North,Electronics,2574,10,418,2023-11,2023
2023-05-25,Monitor,South,Electronics,3819,47,683,2023-05,2023
2023-12-11,Laptop,West,Electronics,3172,19,333,2023-12,2023
2023-03-10,Headphones,West,Accessories,2508,26,572,2023-03,2023
2024-12-04,Mouse,South,Accessories,674,9,215,2024-12,2024
2023-03-30,Laptop,North,Electronics,4883,13,466,2023-03,2023
2024-08-11,Laptop,North,Electronics,3330,41,393,2024-08,2024
2024-09-01,Keyboard,West,Accessories,3273,46,1017,2024-09,2024
2023-01-19,Mouse,South,Accessories,3653,18,1227,2023-01,2023
2023-10-06,Headphones,North,Accessories,950,45,143,2023-10,2023
2023-12-10,Keyboard,North,Accessories,921,7,331,2023-12,2023
2024-10-16,Laptop,North,Electronics,3247,7,416,2024-10,2024
2024-08-27,Headphones,East,Accessories,1540,49,351,2024-08,2024
2023-04-12,Laptop,East,Electronics,3438,35,533,2023-04,2023
2023-01-03,Monitor,South,Electronics,3965,8,827,2023-01,2023
2024-09-20,Monitor,South,Electronics,1277,25,273,2024-09,2024
2023-10-31,Mouse,North,Accessories,3464,15,1209,2023-10,2023
2023-02-12,Mouse,West,Accessories,1043,23,354,2023-02,2023
2024-03-02,Monitor,West,Electronics,1104,21,195,2024-03,2024
2023-12-02,Keyboard,East,Accessories,1938,15,604,2023-12,2023
2024-12-15,Laptop,West,Electronics,4246,15,535,2024-12,2024
2023-05-21,Mouse,North,Accessories,4665,19,1684,2023-05,2023
2024-01-08,Monitor,South,Electronics,3735,46,716,2024-01,2024
2023-06-05,Keyboard,North,Accessories,205,36,71,2023-06,2023
2024-08-11,Monitor,South,Electronics,2237,25,506,2024-08,2024
2023-12-17,Keyboard,East,Accessories,3279,10,1036,2023-12,2023
2024-08-05,Headphones,East,Accessories,2459,49,692,2024-08,2024
2023-10-25,Monitor,North,Electronics,135,20,-99,2023-10,2023
2024-01-20,Mouse,South,Accessories,1808,42,560,2024-01,2024
2023-04-28,Keyboard,North,Accessories,1400,22,389,2023-04,2023
2023-01-26,Mouse,North,Accessories,4716,15,1613,2023-01,2023
2024-01-13,Monitor,West,Electronics,1760,42,285,2024-01,2024
2023-10-20,Laptop,South,Electronics,4245,24,581,2023-10,2023
2023-03-01,Keyboard,West,Accessories,3373,25,1158,2023-03,2023
2024-11-06,Monitor,East,Electronics,3140,5,551,2024-11,2024
2023-04-18,Laptop,East,Electronics,1349,33,311,2023-04,2023
2024-10-23,Headphones,North,Accessories,3603,37,879,2024-10,2024
2024-03-30,Keyboard,West,Accessories,1646,10,464,2024-03,2024
2023-03-18,Laptop,South,Electronics,540,25,131,2023-03,2023
2023-09-20,Monitor,West,Electronics,3829,3,759,2023-09,2023
2024-09-28,Monitor,South,Electronics,4108,49,731,2024-09,2024
2023-10-07,Keyboard,East,Accessories,4895,46,1510,2023-10,2023
2023-08-06,Keyboard,West,Accessories,1225,42,335,2023-08,2023
2023-02-05,Headphones,South,Accessories,4939,37,1188,2023-02,2023
2023-03-14,Laptop,West,Electronics,2014,6,336,2023-03,2023
2024-12-08,Laptop,East,Electronics,1904,49,222,2024-12,2024
2024-05-31,Mouse,South,Accessories,2575,27,861,2024-05,2024
2023-08-18,Headphones,West,Accessories,1835,3,482,2023-08,2023
2023-02-27,Mouse,North,Accessories,441,6,138,2023-02,2023
2023-06-21,Monitor,East,Electronics,2917,38,497,2023-06,2023
2023-12-20,Laptop,East,Electronics,1594,30,282,2023-12,2023
2024-10-23,Mouse,West,Accessories,3983,36,1411,2024-10,2024
2024-04-21,Headphones,North,Accessories,2434,47,683,2024-04,2024
2023-07-27,Laptop,East,Electronics,2765,30,310,2023-07,2023
2023-01-12,Laptop,East,Electronics,4852,16,591,2023-01,2023
2024-05-29,Mouse,West,Accessories,1779,30,564,2024-05,2024
2023-12-14,Headphones,East,Accessories,4825,5,1339,2023-12,2023
2023-09-05,Mouse,West,Accessories,463,1,184,2023-09,2023
2023-05-29,Laptop,South,Electronics,4137,22,556,2023-05,2023
2023-06-10,Monitor,West,Electronics,1112,16,172,2023-06,2023
2024-05-14,Mouse,South,Accessories,2885,14,945,2024-05,2024
2024-10-24,Mouse,North,Accessories,1701,41,632,2024-10,2024
2024-03-24,Headphones,South,Accessories,1825,23,436,2024-03,2024
2024-04-10,Monitor,West,Electronics,4506,6,777,2024-04,2024
2023-05-23,Keyboard,South,Accessories,4537,37,1340,2023-05,2023
2023-01-12,Mouse,South,Accessories,660,42,287,2023-01,2023
2023-06-07,Monitor,North,Electronics,3387,42,658,2023-06,2023
2023-01-07,Keyboard,West,Accessories,172,15,145,2023-01,2023
2024-07-31,Headphones,East,Accessories,4325,35,1240,2024-07,2024
2023-09-23,Monitor,South,Electronics,2085,25,335,2023-09,2023
2023-10-16,Headphones,South,Accessories,4359,31,1098,2023-10,2023
2023-12-02,Laptop,South,Electronics,337,3,104,2023-12,2023
2023-01-25,Keyboard,North,Accessories,2629,8,844,2023-01,2023
2024-06-20,Headphones,South,Accessories,4323,32,1061,2024-06,2024
2024-06-26,Mouse,North,Accessories,945,20,273,2024-06,2024
2024-03-22,Monitor,North,Electronics,4585,32,796,2024-03,2024
2023-09-11,Headphones,East,Accessories,3301,23,828,2023-09,2023
2024-05-31,Keyboard,East,Accessories,2053,10,621,2024-05,2024
2024-01-17,Laptop,South,Electronics,3950,31,376,2024-01,2024
2023-03-24,Laptop,East,Electronics,4076,35,540,2023-03,2023
2023-06-05,Headphones,North,Accessories,4385,46,1041,2023-06,2023
2023-03-21,Keyboard,East,Accessories,499,33,253,2023-03,2023
2024-09-06,Mouse,West,Accessories,2248,39,746,2024-09,2024
2023-08-09,Mouse,West,Accessories,919,36,412,2023-08,2023
2023-08-19,Mouse,South,Accessories,1608,35,701,2023-08,2023
2024-06-09,Keyboard,West,Accessories,1864,22,614,2024-06,2024
2023-07-02,Headphones,South,Accessories,4581,27,1118,2023-07,2023
2024-08-13,Headphones,South,Accessories,2808,10,736,2024-08,2024
2024-02-27,Monitor,West,Electronics,1000,1,145,2024-02,2024
2023-08-30,Headphones,North,Accessories,2485,37,637,2023-08,2023
2023-06-13,Headphones,West,Accessories,564,35,135,2023-06,2023
2024-01-30,Laptop,West,Electronics,4898,21,583,2024-01,2024
2023-07-02,Mouse,West,Accessories,4824,26,1696,2023-07,2023
