id,height_cm,weight_kg,planted
1,168.3,66.7,clean
2,169.0,63.4,clean
3,188.0,81.0,clean
4,172.7,81.7,clean
5,172.5,82.2,clean
6,155.4,76.6,clean
7,163.7,83.9,clean
8,176.4,85.8,clean
9,173.0,79.9,clean
10,169.2,93.9,clean
11,145.1,49.0,clean
12,151.4,56.2,clean
13,162.4,72.0,clean
14,170.7,80.9,clean
15,174.1,73.2,clean
16,173.6,75.8,clean
17,164.3,63.8,clean
18,153.2,66.4,clean
19,172.8,69.5,clean
20,178.8,79.4,clean
21,160.1,62.0,clean
22,169.9,86.4,clean
23,166.5,65.8,clean
24,158.0,68.3,clean
25,163.1,166.4,pounds
26,181.9,105.2,clean
27,174.9,90.9,clean
28,184.7,79.1,clean
29,163.4,77.9,clean
30,176.0,89.9,clean
31,173.3,78.2,clean
32,176.7,87.7,clean
33,150.5,88.0,joint
34,184.9,92.0,clean
35,157.8,63.3,clean
36,152.8,54.2,clean
37,156.8,57.7,clean
38,170.6,84.7,clean
39,160.2,74.9,clean
40,154.6,64.0,clean
41,159.4,76.0,clean
42,166.0,60.4,clean
43,179.8,84.9,clean
44,166.8,51.7,clean
45,158.4,59.6,clean
46,182.8,80.1,clean
47,150.7,57.6,clean
48,162.9,73.5,clean
49,163.5,74.5,clean
50,157.0,58.0,clean
51,165.1,69.2,clean
52,155.6,69.3,clean
53,165.9,80.9,clean
54,166.0,76.4,clean
55,156.8,58.6,clean
56,166.9,73.8,clean
57,161.2,76.8,clean
58,150.9,65.8,clean
59,168.0,75.3,clean
60,166.8,74.2,clean
61,175.2,59.4,clean
62,163.7,83.7,clean
63,159.6,70.4,clean
64,158.3,59.0,clean
65,155.6,53.2,clean
66,169.4,58.1,clean
67,157.4,41.8,clean
68,177.2,82.0,clean
69,173.6,64.3,clean
70,161.8,60.4,clean
71,169.3,66.9,clean
72,162.5,57.7,clean
73,166.5,62.2,clean
74,164.4,77.5,clean
75,145.0,52.2,clean
76,164.5,64.4,clean
77,176.4,84.7,clean
78,167.6,71.8,clean
79,185.0,74.0,clean
80,148.0,56.8,clean
81,181.1,82.1,clean
82,166.8,73.8,clean
83,171.2,78.5,clean
84,164.6,85.7,clean
85,160.0,71.6,clean
86,179.1,76.2,clean
87,155.1,62.6,clean
88,142.7,46.8,clean
89,167.1,80.3,clean
90,161.3,68.1,clean
91,155.2,54.4,clean
92,176.3,88.1,clean
93,163.9,78.8,clean
94,167.3,72.5,clean
95,167.7,90.1,clean
96,161.5,69.2,clean
97,172.1,62.3,clean
98,163.3,67.8,clean
99,158.6,67.1,clean
100,171.8,70.9,clean
101,161.5,65.1,clean
102,172.1,77.8,clean
103,167.9,74.2,clean
104,162.9,76.8,clean
105,149.4,59.0,clean
106,156.9,67.4,clean
107,166.1,72.0,clean
108,174.6,87.8,clean
109,169.4,84.5,clean
110,173.4,88.2,clean
111,161.1,58.9,clean
112,160.0,47.4,clean
113,174.0,71.1,clean
114,156.9,57.4,clean
115,159.3,67.2,clean
116,165.0,62.0,clean
117,167.2,78.9,clean
118,160.6,71.8,clean
119,166.7,68.2,clean
120,171.1,82.6,clean
121,158.8,59.5,clean
122,167.2,71.2,clean
123,158.5,60.4,clean
124,167.8,76.0,clean
125,159.2,72.8,clean
126,166.0,64.2,clean
127,149.3,43.1,clean
128,161.7,65.2,clean
129,174.5,99.6,clean
130,165.4,76.3,clean
131,166.3,57.6,clean
132,157.5,55.5,clean
133,178.4,76.2,clean
134,143.7,46.0,clean
135,160.1,59.4,clean
136,186.0,50.5,joint
137,167.7,683.0,decimal
138,190.0,54.0,joint
139,158.5,57.1,clean
140,166.4,77.8,clean
141,153.7,51.8,clean
142,166.6,69.2,clean
143,172.1,81.5,clean
144,171.8,70.3,clean
145,164.5,65.9,clean
146,176.0,62.5,clean
147,150.4,52.3,clean
148,165.2,63.8,clean
149,168.6,79.8,clean
150,176.0,79.9,clean
151,166.4,61.7,clean
152,164.3,70.6,clean
153,174.4,77.4,clean
154,163.4,75.8,clean
155,166.4,88.1,clean
156,177.1,76.1,clean
157,172.9,71.0,clean
158,162.8,74.9,clean
159,164.4,76.6,clean
160,169.6,66.2,clean
161,158.0,61.7,clean
162,164.6,72.5,clean
163,165.6,56.3,clean
164,172.1,70.4,clean
165,187.9,67.2,clean
166,169.5,78.1,clean
167,171.4,81.4,clean
168,160.0,71.7,clean
169,166.8,77.7,clean
170,162.5,79.5,clean
171,182.1,72.7,clean
172,159.8,611.0,decimal
173,160.5,59.9,clean
174,160.6,78.7,clean
175,170.6,66.9,clean
176,154.7,69.0,clean
177,169.7,59.6,clean
178,173.2,76.0,clean
179,176.8,70.8,clean
180,176.1,74.1,clean
181,169.7,59.9,clean
182,174.3,66.7,clean
183,149.3,56.1,clean
184,162.6,67.9,clean
185,162.9,65.6,clean
186,168.2,69.1,clean
187,175.2,78.8,clean
188,169.0,76.7,clean
189,163.2,68.3,clean
190,166.8,67.3,clean
191,168.6,60.9,clean
192,147.2,44.2,clean
193,158.7,61.6,clean
194,168.5,72.2,clean
195,166.4,67.7,clean
196,161.6,66.6,clean
197,175.1,72.3,clean
198,172.2,66.5,clean
199,160.3,70.5,clean
200,177.0,87.0,clean
201,152.4,52.7,clean
202,155.9,68.6,clean
203,149.7,62.5,clean
204,171.0,63.3,clean
205,162.0,72.4,clean
206,154.7,61.4,clean
207,165.6,159.0,pounds
208,169.1,86.8,clean
209,163.0,57.8,clean
210,154.6,55.7,clean
211,165.0,67.3,clean
212,170.7,72.1,clean
213,169.7,72.6,clean
214,188.5,52.0,joint
215,176.5,79.2,clean
216,171.1,71.6,clean
217,163.4,78.0,clean
218,169.9,69.5,clean
219,155.8,58.5,clean
220,158.3,56.2,clean
221,161.8,60.7,clean
222,178.7,75.7,clean
223,154.9,60.9,clean
224,166.0,67.0,clean
225,165.7,74.3,clean
226,166.6,139.3,pounds
227,175.8,75.3,clean
228,164.4,71.6,clean
229,173.2,74.1,clean
230,159.7,72.4,clean
231,172.8,80.6,clean
232,156.1,68.7,clean
233,162.7,74.8,clean
234,185.7,94.8,clean
235,177.2,71.9,clean
236,159.4,74.0,clean
237,164.5,66.6,clean
238,167.4,68.6,clean
239,175.9,79.0,clean
240,174.3,82.0,clean
241,158.4,66.9,clean
242,177.5,76.9,clean
243,157.9,61.3,clean
244,167.2,91.5,clean
245,177.2,66.2,clean
246,155.9,62.7,clean
247,174.6,70.4,clean
248,178.9,74.6,clean
249,159.2,66.8,clean
250,156.8,66.7,clean
251,171.9,67.5,clean
252,162.9,69.3,clean
253,172.6,80.8,clean
254,186.8,77.8,clean
255,165.9,72.6,clean
256,189.8,100.7,clean
257,165.8,73.0,clean
258,176.7,85.3,clean
259,150.0,60.2,clean
260,188.3,79.6,clean
261,175.3,84.6,clean
262,167.1,55.1,clean
263,155.4,72.4,clean
264,167.1,74.2,clean
265,152.5,54.1,clean
266,185.7,75.1,clean
267,152.7,65.6,clean
268,164.3,88.5,clean
269,150.6,64.7,clean
270,167.9,69.9,clean
271,160.4,56.4,clean
272,164.2,63.4,clean
273,166.4,74.7,clean
274,165.4,73.5,clean
275,160.8,75.4,clean
276,183.9,101.7,clean
277,170.0,66.2,clean
278,174.1,85.0,clean
279,153.0,46.0,clean
280,163.7,61.5,clean
281,153.6,61.6,clean
282,182.5,79.2,clean
283,170.5,75.0,clean
284,152.6,68.9,clean
285,170.2,72.1,clean
286,155.0,58.3,clean
287,155.2,80.3,clean
288,160.9,82.9,clean
289,169.0,72.3,clean
290,176.8,85.0,clean
291,167.0,66.8,clean
292,182.3,89.7,clean
293,158.4,41.6,clean
294,167.3,69.3,clean
295,168.0,79.1,clean
296,166.5,73.0,clean
297,162.6,69.7,clean
298,157.4,65.7,clean
299,152.5,42.8,clean
300,156.1,65.2,clean
301,158.9,75.8,clean
302,171.5,71.1,clean
303,157.3,57.0,clean
304,149.1,61.9,clean
305,152.1,66.3,clean
306,175.2,85.1,clean
307,174.0,73.2,clean
308,181.3,70.7,clean
309,187.9,83.1,clean
310,171.2,92.7,clean
311,172.4,75.6,clean
312,185.5,82.5,clean
313,165.3,84.3,clean
314,174.6,88.7,clean
315,160.1,76.3,clean
316,164.0,74.3,clean
317,170.8,68.6,clean
318,173.4,72.4,clean
319,176.3,85.6,clean
320,158.2,138.0,real
321,170.5,63.3,clean
322,175.4,80.0,clean
323,167.0,62.0,clean
324,168.5,67.6,clean
325,174.9,87.9,clean
326,166.9,60.9,clean
327,155.0,59.2,clean
328,154.1,67.9,clean
329,175.2,73.5,clean
330,166.3,62.0,clean
331,159.9,67.8,clean
332,166.2,61.2,clean
333,190.7,98.0,clean
334,170.5,77.8,clean
335,172.5,60.3,clean
336,171.7,74.4,clean
337,163.9,53.3,clean
338,156.6,70.9,clean
339,164.5,86.1,clean
340,177.5,82.4,clean
341,155.0,68.0,clean
342,160.3,701.0,decimal
343,175.2,74.2,clean
344,164.1,73.8,clean
345,192.7,93.0,clean
346,174.6,83.4,clean
347,165.6,64.2,clean
348,166.9,88.2,clean
349,159.6,58.9,clean
350,160.9,71.5,clean
351,162.6,58.8,clean
352,164.4,67.4,clean
353,171.1,77.4,clean
354,158.2,62.8,clean
355,166.6,74.5,clean
356,165.1,71.1,clean
357,154.9,62.4,clean
358,160.7,74.5,clean
359,156.0,57.5,clean
360,161.7,62.8,clean
361,148.0,86.5,joint
362,171.7,71.2,clean
363,167.9,75.7,clean
364,164.4,61.8,clean
365,168.6,76.0,clean
366,171.2,80.8,clean
367,148.4,61.0,clean
368,172.3,58.3,clean
369,165.0,75.8,clean
370,163.3,72.4,clean
371,171.7,78.1,clean
372,163.5,75.9,clean
373,151.3,57.6,clean
374,168.3,95.5,clean
375,151.7,79.1,clean
376,165.5,67.5,clean
377,152.2,44.6,clean
378,167.3,73.5,clean
379,169.5,76.8,clean
380,160.7,59.9,clean
381,180.5,84.9,clean
382,165.1,73.4,clean
383,167.9,68.7,clean
384,168.1,84.6,clean
385,158.4,68.5,clean
386,170.8,82.0,clean
387,170.8,77.0,clean
388,166.8,71.3,clean
389,162.4,63.7,clean
390,172.3,85.6,clean
391,162.8,70.1,clean
392,173.6,93.4,clean
393,155.3,62.9,clean
394,164.4,60.7,clean
395,174.0,96.0,clean
396,164.4,61.2,clean
397,154.9,49.7,clean
398,182.1,62.1,clean
399,182.9,76.6,clean
400,176.3,73.1,clean
401,166.6,69.4,clean
402,175.0,87.9,clean
403,167.8,56.7,clean
404,159.2,74.0,clean
405,156.9,61.6,clean
406,166.6,59.6,clean
407,155.3,70.6,clean
408,159.2,70.8,clean
409,165.3,72.4,clean
410,158.9,66.8,clean
411,157.7,55.5,clean
412,162.8,75.8,clean
413,148.0,72.9,clean
414,165.0,67.6,clean
415,171.3,70.7,clean
416,158.2,62.3,clean
417,151.9,73.3,clean
418,174.2,59.5,clean
419,169.9,81.1,clean
420,160.9,69.7,clean
421,184.0,68.4,clean
422,183.0,96.1,clean
423,172.5,71.9,clean
424,165.5,67.0,clean
425,164.3,79.2,clean
426,165.4,86.3,clean
427,169.4,58.1,clean
428,169.8,75.0,clean
429,173.6,74.3,clean
430,172.5,91.0,clean
431,167.4,64.5,clean
432,181.5,67.8,clean
433,173.8,77.3,clean
434,177.6,86.4,clean
435,147.6,49.1,clean
436,155.1,57.5,clean
437,161.4,71.0,clean
438,160.3,66.7,clean
439,161.2,62.2,clean
440,176.7,68.9,clean
441,187.9,92.1,clean
442,163.8,41.5,real
443,188.4,85.7,clean
444,162.7,56.0,clean
445,161.5,58.8,clean
446,175.9,71.5,clean
447,176.5,86.9,clean
448,164.8,85.9,clean
449,172.2,81.9,clean
450,161.1,52.1,clean
451,159.0,68.6,clean
452,180.2,68.5,clean
453,165.0,66.6,clean
454,159.9,57.7,clean
455,169.6,69.3,clean
456,163.5,61.1,clean
457,161.8,82.6,clean
458,179.6,83.6,clean
459,168.5,61.9,clean
460,177.2,91.0,clean
461,162.8,67.6,clean
462,167.3,94.4,clean
463,157.2,64.1,clean
464,185.9,80.9,clean
465,169.3,58.5,clean
466,175.0,74.4,clean
467,161.8,62.8,clean
468,156.3,65.1,clean
469,171.4,97.3,clean
470,163.0,69.7,clean
471,160.9,53.2,clean
472,162.8,52.9,clean
473,174.3,74.8,clean
474,173.3,167.1,pounds
475,180.0,91.7,clean
476,189.9,102.9,clean
477,160.0,61.4,clean
478,167.3,65.3,clean
479,175.5,69.7,clean
480,174.3,78.3,clean
481,163.1,59.6,clean
482,157.4,65.9,clean
483,161.5,63.9,clean
484,166.4,72.8,clean
485,166.7,65.2,clean
486,151.4,55.4,clean
487,173.7,69.5,clean
488,157.7,66.2,clean
489,181.6,86.2,clean
490,160.0,59.9,clean
491,179.6,73.0,clean
492,186.7,87.0,clean
493,174.2,80.2,clean
494,161.9,73.8,clean
495,171.0,77.4,clean
496,160.8,64.6,clean
497,168.4,64.4,clean
498,165.1,70.7,clean
499,165.2,76.2,clean
500,167.1,65.7,clean
