rec_id,registered_on,name,sex,dob,phone,address,pincode,person_id
1001,2021-01-01,P. Prakash,Male,1986-06-29,7607260783,"No. 81, Station Rd, Saidapet",600015,315
1002,2021-01-02,P. Prakash,M,1986-06-29,7607260783,"81, Station Road, Saidapet",600015,315
1003,2021-01-02,Anil Nair,M,1999-11-12,9379133805,"28, 4th Cross Street, Chromepet",600044,131
1004,2021-01-03,P. Jayalakshmi,F,1950-05-04,7334893241,"61, Nehru Road, Adyar",600020,147
1005,2021-01-05,Anjali Jain,F,1997-12-22,9600424145,"60, Big Street, Tambaram",600045,161
1006,2021-01-11,Rohit Jain,M,1984-06-16,9150223462,"61, 4th Cross Street, Saidapet",600015,142
1007,2021-01-15,Anil Menon,M,1976-01-25,9380237196,"96, Lake View Road, Velachery",600042,17
1008,2021-01-17,G. Balaji,M,1984-10-06,7604097976,"39, Church Street, Guindy",600032,239
1009,2021-01-18,Pooja Mehta,F,1952-06-18,8022937456,"16, Temple Street, Porur",600116,84
1010,2021-01-19,RAM KUMAR,M,1998-02-14,,"59, Church Street, Annanagar",,281
1011,2021-01-20,D. Vijay,M,1951-05-29,6586821559,"45, Big Street, Tambaram",600045,20
1012,2021-01-23,B. Sathish,M,1965-07-23,9320552093,"111, 2nd Main Road, Chromepet",600044,68
1013,2021-01-27,G. Ganesh,M,1964-11-10,8990557274,"76, Lake View Road, Kodambakkam",600024,129
1014,2021-01-30,S. Revathi,F,1954-05-01,6438910635,"5, Temple Street, Velachery",600042,135
1015,2021-01-31,"Nair, Anil",M,,+91-9274841517,"41, Church St., Adyar",600020,89
1016,2021-02-11,Rahul Singh,Male,27/03/1970,7296078804,"No.106, 2nd Main Rd., Chrompet",600044,164
1017,2021-02-12,SUMAT D,F,1979-05-23,+91 62196 04755,"No. 78, Church Street, Gindy",600032,155
1018,2021-02-12,N. Lakshmi,F,1976-06-18,9174744541,"94, 2nd Main Road, Tambaram",600045,175
1019,2021-02-20,"SHARMA, NEHA",F,1974-07-11,65505 32282,"72, 2nd Main Road, Velachery",600042,261
1020,2021-03-08,M. Anitha,f,12/06/1972,+91-9798247401,"42, Church Street, Porur",600116,197
1021,2021-03-09,J. Balaji,M,1996-02-27,7178654960,"72, Big Street, Guindy",600032,143
1022,2021-03-11,Rahul Singh,M,1970-03-27,8484208545,"106, 2nd Main Road, Chromepet",600044,164
1023,2021-03-21,G. Divya,F,1967-05-25,8311204496,"3, 4th Cross Street, Kodambakkam",600024,171
1024,2021-03-21,K. Anand,M,2000-08-01,8200128241,"100, Temple Street, Anna Nagar",600040,287
1025,2021-03-27,B. Saravanan,M,1991-10-08,9016673841,"91, Nehru Road, Anna Nagar",600040,316
1026,2021-03-27,G. Senthil Kumar,M,1977-08-25,8051951212,"44, Kamarajar Salai, Porur",600116,302
1027,2021-04-01,Amit Sharma,M,1988-03-20,9768634935,"85, 2nd Main Road, Saidapet",600015,110
1028,2021-04-02,Pooja Jain,F,1999-09-03,7636390173,"85, Lake View Road, Mylapore",600004,218
1029,2021-04-03,D. Gayathri,F,1988-09-21,6045571588,"36, Nehru Road, Mylapore",600004,153
1030,2021-04-05,Pooja Agarwal,F,1958-01-04,8916765135,"117, Station Road, Anna Nagar",600040,113
1031,2021-04-06,J. Venkatesan,M,1962-09-29,7367285055,"64, Nehru Road, Chromepet",600044,322
1032,2021-04-06,P. Lakshmi,F,2000-04-07,8731714528,"9, Temple Street, T. Nagar",600017,255
1033,2021-04-09,R. Karthik,M,1979-01-28,6378222717,"56, 4th Cross Street, Chromepet",600044,277
1034,2021-04-09,Pooja Jain,F,1969-06-21,7982712812,"101, Station Road, Mylapore",600004,228
1035,2021-04-17,Rahul Jain,M,1984-09-12,9806011119,"3, 4th Cross Street, Adyar",600020,254
1036,2021-04-18,Amit Sharma,M,1955-08-31,9647918983,"91, Market Road, Perambur",600011,154
1037,2021-04-20,P. Meena,F,1960-09-15,7862389360,"No. 83, 4th Cross Street, Saidapet",600015,118
1038,2021-04-22,Amit Sharma,M,1992-05-22,7349507026,"11, Bharathi Street, Tambaram",600045,286
1039,2021-04-22,Riya Singh,F,1982-02-11,7405624633,"84, Station Road, Anna Nagar",600040,71
1040,2021-04-23,Anjali Jain,F,22/12/1997,09600424145,"No.60, Big St., Tambaram",600045,161
1041,2021-04-27,K. Sharavanan,M,1970-02-02,61784 72797,"84, Market Road, Velacheri",600042,331
1042,2021-04-27,N. Malathi,F,1995-05-13,8996921829,"30, Kamarajar Salai, Kodambakkam",600024,125
1043,2021-04-30,P. Ganesh,M,1962-05-24,8060720058,"118, Church Street, Adyar",600020,240
1044,2021-05-09,Fathima Begum,F,1991-08-18,8363847411,"69, 4th Cross Street, Tambaram",600045,162
1045,2021-05-11,Abdul Kareem,M,1988-12-13,6667126919,"96, 4th Cross Street, Saidapet",600015,220
1046,2021-05-11,Abdul Kareem,M,1988-12-13,6667126919,"96, 4th Cross Street, Saidapet",600015,220
1047,2021-05-11,Fathima Begum,F,1966-12-16,6264221409,"74, Gandhi Street, Guindy",600032,314
1048,2021-05-13,Fathima Begum,F,1954-05-23,6982830980,"1, Nehru Road, Saidapet",600015,32
1049,2021-05-14,Joseph Mathew,M,1955-11-20,8580936429,"108, Kamarajar Salai, Guindy",600032,72
1050,2021-05-17,R. Nithya,F,1960-09-05,9994781259,"51, Kamarajar Salai, Saidapet",600015,151
1051,2021-05-20,D. Bhuvana,F,2003-09-08,6402685382,"90, Station Road, T. Nagar",600017,235
1052,2021-05-22,Anjali Gupta,F,12/03/1960,97310 22949,"No. 77, Kamarajar Salai, Perambur",600011,320
1053,2021-05-22,Anjali Gupta,F,12/03/1960,97310 22949,"No. 77, Kamarajar Salai, Perambur",600011,320
1054,2021-05-23,J. Rajesh,M,1999-01-26,8072768082,"80, 2nd Main Road, Mylapore",600004,121
1055,2021-05-24,D. Anitha,F,1960-03-14,8109307922,"2, Lake View Road, Adyar",600020,190
1056,2021-05-27,N. Rajesh,M,1989-04-23,8737554301,"114, Big Street, Velachery",600042,24
1057,2021-06-05,B. Nithya,F,1998-02-03,8165421113,"16, Nehru Road, Porur",600116,177
1058,2021-06-05,M. Meena,F,1978-10-05,7647534093,"56, Market Road, T. Nagar",600017,272
1059,2021-06-10,G. Saranya,F,1978-05-16,6236167449,"84, Bharathi Street, Velachery",600042,192
1060,2021-06-10,P. Vasanthi,F,1950-06-07,9892733488,"41, Gandhi Street, Anna Nagar",600040,75
1061,2021-06-11,Mohammde Irfan,M,1957-01-15,+91-9216019864,"No.28, Nehru Rd, Mylapur",600004,101
1062,2021-06-17,Mr. S. Sharma,M,1985-02-06,+91 75475 88823,"No. 2, Bharathi St, Saidapettai",600015,15
1063,2021-06-20,R Ramesh,M,1988-07-21,,"115, Gandhi Street, Gindy",600033,293
1064,2021-06-20,Mohammed Ismail,m,,+91 71114 16422,"No. 117, Nehru Rd, Chromepet",600044,345
1065,2021-06-23,Pooja Mehta,F,1976-01-25,9826308673,"72, Church Street, Saidapet",600015,234
1066,2021-07-09,"Sharma, Vikram",Male,1971-08-18,6804834292,"112, Lake View Road, Tambaram",600045,59
1067,2021-07-16,A. Ram Kumar,M,1998-02-14,8921285429,"59, Church Street, Anna Nagar",600040,281
1068,2021-07-19,Krathik,M,24/08/1965,,"No. 96, Gandhi Street, Annanagar",600040,242
1069,2021-07-22,R. Malathi,F,1976-07-06,6964704077,"26, Market Road, Perambur",600011,19
1070,2021-08-03,D. Anita,F,1960-03-14,8109307922,"No. 119, Gandhi Street, Anna Nagar",600040,190
1071,2021-08-12,Riya Mehta,F,1985-05-17,6576902064,"86, Station Road, Kodambakkam",600024,258
1072,2021-08-16,Sanjay Gupta,M,1975-06-14,7405383451,"34, Gandhi Street, Velachery",600042,230
1073,2021-08-20,Arjun Gupta,M,1953-06-23,9280426454,"115, Bharathi Street, Perambur",600011,260
1074,2021-08-23,Ganesh A,M,2003-02-13,6562038113,"No.45, Station Rd., Kodambakkam",600024,229
1075,2021-08-26,P. Gayathri,F,1992-07-12,6279751173,"15, Church Street, Perambur",600011,204
1076,2021-08-26,A. Ganesh,M,1952-04-05,9962997427,"70, Kamarajar Salai, Kodambakkam",600024,159
1077,2021-08-28,MALATHII S.,F,,,"57, Market Road, Chromepet",600044,270
1078,2021-08-29,Srinivasa Rao,M,1979-06-02,6139625231,"62, Temple Street, T. Nagar",600017,42
1079,2021-08-31,P. GANESH,M,1962-05-24,+91-8060720058,"No.118, Church St., Adyar",600020,240
1080,2021-08-31,Divya,F,1979-08-17,+91 67672 22802,"No. 37, Bharathi St, Guindy",600032,224
1081,2021-08-31,B. Shanthi,F,1998-06-30,9641965015,"42, Gandhi Street, Mylapore",600004,262
1082,2021-09-01,G. Senthil Kumar,M,1993-09-09,8990083326,"95, Gandhi Street, Mylapore",600004,338
1083,2021-09-07,Sneha Gupta,F,1952-10-23,7013218507,"42, Lake View Road, Guindy",600032,275
1084,2021-09-08,V. Dinesh,M,1980-03-19,6485516085,"67, Bharathi Street, T. Nagar",600017,29
1085,2021-09-08,K Ramkumar,M,1991-04-16,,"100, Market Road, Annanagar",600040,139
1086,2021-09-10,V. Selvam,M,1967-10-19,6774019181,"52, 4th Cross Street, Porur",600116,205
1087,2021-09-12,Malathi R.,F,06/07/1976,6964704077,"No. 26, Market Road, Perambur",600012,19
1088,2021-09-20,Joseph Mathew,M,1988-01-12,9918218898,"82, Bharathi Street, Adyar",600020,57
1089,2021-09-26,D. Sahtish,M,,7349084792,"91, Nehru Road, Velachery",600042,176
1090,2021-09-28,Nikhil Jain,M,2004-05-15,6861360736,"65, Nehru Road, Velachery",600042,28
1091,2021-09-29,J. Sumati,F,1994-12-24,06981720411,"No. 72, Market Road, Tambaram",600045,187
1092,2021-10-07,Mary Joseph,F,1988-11-16,7193124058,"93, Gandhi Street, Tambaram",600045,36
1093,2021-10-10,J Balaji,M,1996-02-27,71786 54960,"No. 72, Big Street, Guindy",600032,143
1094,2021-10-12,D. Ramesh,M,1960-11-28,7991562988,"57, 4th Cross Street, Kodambakkam",600024,222
1095,2021-10-19,G. Dinesh,M,1982-10-03,7833302993,"34, Market Road, Adyar",600020,124
1096,2021-11-03,A. Ravi Kumar,M,1956-10-11,7067602888,"19, Station Road, Anna Nagar",600040,297
1097,2021-11-16,M. Karthik,M,1984-05-28,9811587075,"19, 2nd Main Road, Guindy",600032,127
1098,2021-11-27,Vikram Sharma,M,1971-08-18,6804834292,"38, Temple Street, Adyar",600020,59
1099,2021-11-29,Sujatha Reddi,F,1951-10-31,9227198079,"No.108, Market Road, Tambaram",600045,271
1100,2021-12-02,Murthy Sreeivasa,M,17/08/1979,,"No.7, 4th Cross St., Tambaram",600045,324
1101,2021-12-05,M. aKvitha,F,,+91 88156 32642,"13, 4th Cross Street, Kodambakam",600024,46
1102,2021-12-06,Venkata Ramana Rao,M,1958-10-11,9673326145,"31, Kamarajar Salai, Porur",600116,280
1103,2021-12-09,Anil Nair,M,1991-01-01,9274841517,"41, Church Street, Adyar",600020,89
1104,2021-12-14,K. Ganesh,M,1962-11-20,7561144419,"28, Temple Street, Velachery",600042,97
1105,2021-12-20,Anitha Pillai,F,1988-07-04,6987680526,"54, Church Street, Tambaram",600045,274
1106,2021-12-20,D. Shanthi,F,1990-01-22,7227595790,"84, Bharathi Street, Porur",600116,259
1107,2021-12-25,V. Gopal,M,2001-10-30,7072714634,"44, Temple Street, Saidapet",600015,329
1108,2021-12-29,D. Sathish,M,2002-11-06,7196254448,"91, Nehru Road, Velachery",600042,176
1109,2022-01-01,M. Divya,F,1979-08-17,6767222802,"37, Bharathi Street, Guindy",600032,224
1110,2022-01-06,Joseph Antony,M,1962-08-31,6852492667,"113, Gandhi Street, Tambaram",600045,62
1111,2022-01-09,Ayesha Parveen,F,1956-10-10,8936025175,"24, 2nd Main Road, Kodambakkam",600024,87
1112,2022-01-19,Vikram Verma,M,1991-12-05,9459270690,"110, 4th Cross Street, Adyar",600020,201
1113,2022-01-20,G Senthil Kumar,,01/01/1963,+91-8990083326,"19, Big St, Guindy",600032,337
1114,2022-01-22,Neha Sharma,F,1974-07-11,6550532282,"72, 2nd Main Road, Velachery",600042,261
1115,2022-01-22,Sanjay Sharma,M,1985-02-06,7547588823,"2, Bharathi Street, Saidapet",600015,15
1116,2022-01-24,P. Karthik,M,1950-10-06,7282921344,"72, Big Street, Velachery",600042,203
1117,2022-01-24,T. Senthil Kumar,M,1985-07-19,7276039303,"65, 2nd Main Road, Kodambakkam",600024,130
1118,2022-01-25,Amit Sharma,Male,,8327118325,"No. 47, 2nd Main Rd., Tambaram",600045,319
1119,2022-01-26,Pooja Sharma,F,1984-02-09,8239957819,"115, Gandhi Street, Tambaram",600045,317
1120,2022-01-27,SURESH PILLAI,M,1954-11-30,8380318015,"No. 4, Church St, Perambur",600011,330
1121,2022-01-28,S. Arun,M,1987-01-19,7552213832,"97, Station Road, Anna Nagar",600040,282
1122,2022-01-31,S. Meena,F,,77119 43180,"No.96, Lake View Road, Saidapettai",600015,160
1123,2022-02-02,D. Malathi,F,1992-10-26,+91 86275 34446,"No.21, Kamarajar Salai, Adyar",,174
1124,2022-02-03,RIYA JAIN,f,1960-01-30,06039481571,"No.104, Market Road, Adyar",600020,318
1125,2022-02-10,Joseph Mathew,M,1985-11-28,6588053418,"104, Temple Street, Anna Nagar",600040,65
1126,2022-02-15,Beugm Fathima,F,1966-12-16,+91-6264221409,"No.74, Gandhi St., Gindy",600032,314
1127,2022-02-17,N. Dinesh,M,1976-05-17,6857179294,"48, 2nd Main Road, Saidapet",600015,265
1128,2022-02-18,Arjun Sharma,M,1974-11-30,9569673699,"93, Bharathi Street, Guindy",600032,7
1129,2022-02-20,Dr. Nithya N,F,1979-05-31,94533 53184,"No. 50, Market Road, Thyagaraya Nagar",600017,216
1130,2022-02-24,Fatima Begum,F,1966-12-16,+91-6264221409,"No.74, Gandhi Street, Guindy",600032,314
1131,2022-02-26,Nikhil Gupta,M,1961-05-22,7401866450,"13, 2nd Main Road, Adyar",600020,207
1132,2022-02-26,P. Bhuvana,F,1989-12-09,9960656085,"71, Gandhi Street, Mylapore",600004,51
1133,2022-02-26,P. Bhuvana,F,1989-12-09,9960656085,"71, Gandhi Street, Mylapore",600004,51
1134,2022-02-27,"Nasreen, Fatima",F,16/02/1981,9749660751,"No. 111, Market Rd, Mylapur",600004,9
1135,2022-03-05,Mohammed Ismail,M,1986-04-26,8589821965,"76, Temple Street, Anna Nagar",600040,226
1136,2022-03-09,Mohammed Irfan,M,1957-01-15,9216019864,"28, Nehru Road, Mylapore",600004,101
1137,2022-03-09,Mohammed Irfan,M,1957-01-15,9216019864,"28, Nehru Road, Mylapore",600004,101
1138,2022-03-11,J. Karthik,M,1964-03-07,8777318405,"89, Kamarajar Salai, T. Nagar",600017,288
1139,2022-03-15,Fahtima Begum,F,23/05/1954,69828 30980,"No. 1, Nehru Road, Saidapettai",600015,32
1140,2022-03-19,G. Ganesh,Male,1964-11-10,+91-8990557274,"76, Lake View Road, Kodambakkam",600024,129
1141,2022-03-19,J. Balaji,M,1996-02-27,7178654960,"No.72, Big Street, Gindy",600033,143
1142,2022-03-31,"Mr. Mehta, Sanjay",M,1983-03-09,,"No.24, 4th Cross St., Chromepet",600044,43
1143,2022-04-04,Sujatha Reddy,F,1951-10-31,9227198079,"108, Market Road, Tambaram",600045,271
1144,2022-04-07,Mohammed Ismail,M,1954-11-10,7111416422,"117, Nehru Road, Chromepet",600044,345
1145,2022-04-08,RAJESH J.,M,2000-01-26,+91-8072768082,"No. 80, 2nd Main Road, Mylapore",600004,121
1146,2022-04-10,R. Deepa,F,1975-01-18,6471463238,"25, 4th Cross Street, Velachery",600042,268
1147,2022-04-11,S. Priya,F,1966-05-01,6166741191,"101, Church Street, Mylapore",600004,344
1148,2022-04-19,Suresh Menon,M,2003-08-10,7663415760,"87, 2nd Main Road, T. Nagar",600017,30
1149,2022-04-24,Mary Joseph,F,1963-02-23,9532598961,"11, Temple Street, Porur",600116,237
1150,2022-04-25,Fathima Beevi,F,1952-05-17,7632804341,"99, Kamarajar Salai, Mylapore",600004,223
1151,2022-04-27,Mr. K. Suresh,m,1989-09-17,,"No.10, Big Street, Mylapur",,298
1152,2022-04-30,Pooja Agarwal,F,1997-02-04,7039696876,"67, Temple Street, Kodambakkam",600024,225
1153,2022-05-01,Ayesha Parveen,F,09/12/1988,7807335169,"No. 119, Church Street, Adyar",600020,327
1154,2022-05-05,P. Meena,F,1960-11-06,7041699578,"76, Big Street, Anna Nagar",600040,194
1155,2022-05-09,J. Karthik,M,1978-08-31,8223763257,"84, Nehru Road, Mylapore",600004,165
1156,2022-05-12,Riya Gupta,F,1959-03-28,7324990143,"101, Station Road, Guindy",600032,102
1157,2022-05-13,Mrs. K. Sumthi,F,1959-09-25,77159 67817,"No. 29, Big St., Perambur",600011,83
1158,2022-05-18,A. Bhuvana,F,1997-03-03,6724689294,"54, Station Road, Anna Nagar",600040,188
1159,2022-05-28,Fathima Beevi,F,2002-04-25,6847866945,"11, Market Road, Adyar",600020,311
1160,2022-05-30,R. Divya,F,1991-01-05,6193032249,"100, 4th Cross Street, Anna Nagar",600040,114
1161,2022-06-04,Mrs. Gayathri G.,F,1990-02-13,72716 68762,"No.62, Big St, T Nagar",600017,18
1162,2022-06-07,P. Murugan,M,31/10/1951,60938 83075,"18, Nehru Road, Kodambakkam",600024,150
1163,2022-06-08,R. Selvam,M,1955-04-14,7426156346,"50, 2nd Main Road, Adyar",600020,90
1164,2022-06-10,A. Sathish,M,1968-04-04,9168267244,"57, Temple Street, Tambaram",600045,244
1165,2022-06-10,V. Ganesh,M,1994-01-23,7714881434,"111, Lake View Road, Saidapet",600015,310
1166,2022-06-11,P. Sharma,F,09/02/1984,8239957819,"No.115, Gandhi Street, Tambaram",600045,317
1167,2022-06-18,B Sathish,M,1965-07-23,93205 52093,"No. 111, 2nd Main Road, Chromepet",600044,68
1168,2022-06-20,A. Deepa,F,1968-06-09,9843787760,"24, Temple Street, Anna Nagar",600040,217
1169,2022-06-23,B. Anitha,F,1977-04-04,8651884541,"92, 4th Cross Street, Chromepet",600044,214
1170,2022-06-26,Amit Agarwal,M,1977-12-22,8554576276,"66, Station Road, Adyar",600020,219
1171,2022-07-13,R. Gayathri,F,1959-07-18,6423377697,"47, Nehru Road, Mylapore",600004,112
1172,2022-07-15,ANAND B,M,1998-10-24,09839625367,"No. 87, Gandhi St, Tambaram",600045,152
1173,2022-07-15,ANAND B,M,1998-10-24,09839625367,"No. 87, Gandhi St, Tambaram",600045,152
1174,2022-07-20,Neha Singh,F,1951-01-20,7436463962,"88, Bharathi Street, Mylapore",600004,105
1175,2022-07-21,B. Anitha,F,1995-12-25,8865776198,"23, Lake View Road, Mylapore",600004,69
1176,2022-07-22,Suresh Naidu,M,1996-10-01,6236000084,"90, Temple Street, Velachery",600042,166
1177,2022-07-26,Sneha Agarwal,F,1971-04-16,9445701813,"98, Gandhi Street, Perambur",600011,144
1178,2022-07-27,N. Lakshmi,F,30/03/1974,+91 65419 73366,"No.64, Big Street, Annanagar",600040,334
1179,2022-07-28,S. Deepa,F,1951-03-29,6524205615,"53, Station Road, Mylapore",600004,294
1180,2022-07-29,Meean R,F,1980-05-26,+91-6241576144,"No. 26, 4th Cross St, T Nagar",600017,60
1181,2022-07-29,Sanjay Mehta,M,1983-03-09,7283854867,"24, 4th Cross Street, Chromepet",600044,43
1182,2022-08-03,J. Vasanthi,F,1961-01-17,7652599151,"41, Kamarajar Salai, Anna Nagar",600040,4
1183,2022-08-10,A. Ganesh,M,1966-03-01,7224095852,"104, Kamarajar Salai, Porur",600116,263
1184,2022-08-11,T. Balaji,M,1985-03-21,9146939521,"8, Bharathi Street, Guindy",600032,251
1185,2022-08-15,Ayesha Banu,F,1994-02-13,8414470165,"34, Market Road, Guindy",600032,10
1186,2022-08-20,M. Vasanthi,F,1956-11-22,8326654403,"80, 4th Cross Street, Porur",600116,180
1187,2022-08-26,B. Saravanan,M,1980-10-16,8039346071,"6, Nehru Road, Chromepet",600044,115
1188,2022-08-29,K. Anitha,F,1962-01-10,8063168598,"24, Temple Street, Chromepet",600044,328
1189,2022-09-03,J. Vijay,M,1956-12-26,8200776147,"2, Church Street, Tambaram",600045,76
1190,2022-09-09,Anil Menon,M,1965-10-18,09735640162,"118, Lake View Road, Gindy",600032,273
1191,2022-09-16,Anil Kumar,M,1974-06-02,7447817965,"100, Bharathi Street, Chromepet",600044,58
1192,2022-09-24,Joseph Mathew,M,1996-11-06,9563761772,"86, Kamarajar Salai, Velachery",600042,117
1193,2022-09-25,S. Manikandan,M,1996-02-24,9460192328,"22, Kamarajar Salai, Anna Nagar",600040,231
1194,2022-09-27,Abdul Kareem,M,2002-07-01,9660625760,"4, Temple Street, Velachery",600042,181
1195,2022-09-27,R. Sumathi,F,1996-11-24,9054781140,"37, Nehru Road, Porur",600116,55
1196,2022-09-29,V SELVAM,M,,+91-6774019181,"52, 4th Cross Street, Porur",600116,205
1197,2022-09-30,N. Revathi,F,1988-08-16,9925568194,"No. 90, 4th Cross St, Mylapore",600004,185
1198,2022-10-01,Abdul Majeed,M,1977-11-19,6291538489,"48, Market Road, Saidapet",600015,53
1199,2022-10-06,P. Selvam,M,1994-02-07,8043384630,"31, Temple Street, T. Nagar",600017,94
1200,2022-10-09,Parveen Ayesha,F,1977-09-29,7713726535,"No. 105, Nehru Rd, Velacheri",600042,132
1201,2022-10-12,Fathima Beevi,F,21/12/1980,93153 06815,"No.2, Station Rd., Perambur",600011,202
1202,2022-10-12,Fathima Beevi,F,21/12/1980,93153 06815,"No.2, Station Rd., Perambur",600011,202
1203,2022-10-13,Sanjay Gupta,M,1970-01-25,9134776610,"71, 2nd Main Road, Velachery",600042,126
1204,2022-10-14,Neha Gupta,F,1984-10-12,8494510368,"53, Bharathi Street, Velachery",600042,236
1205,2022-10-15,G. Bhuvana,F,1986-05-31,9636472171,"65, Gandhi Street, Perambur",600011,63
1206,2022-10-22,N DINESH,M,1976-05-17,6857179294,"No.48, 2nd Main Rd., Saidapettai",600015,265
1207,2022-10-29,N. Kavitha,F,30/03/1974,06541973366,"64, Big Street, Annanagar",600040,333
1208,2022-11-07,Anjali Jain,F,1963-10-06,7126273328,"89, Temple Street, Velachery",600042,296
1209,2022-11-11,A. Ganesh,M,2003-02-13,6562038113,"45, Station Road, Kodambakkam",600024,229
1210,2022-11-13,S. Sathish,M,1973-03-01,7796054967,"41, Gandhi Street, Mylapore",600004,232
1211,2022-11-14,G. Malathi,F,1964-05-22,6117773008,"105, Nehru Road, Saidapet",600015,291
1212,2022-11-20,P. Dinesh,M,1965-06-04,9643921693,"7, Lake View Road, Adyar",600020,88
1213,2022-11-22,K. Ram Kumar,M,1991-04-16,6486720226,"100, Market Road, Anna Nagar",600040,139
1214,2022-11-28,M. Bhuvana,F,1994-08-03,+91-8767206610,"77, Nehru Road, Anna Nagar",600040,301
1215,2022-11-30,Suresh Naidu,M,1978-11-25,7466417536,"71, Church Street, Perambur",600011,98
1216,2022-12-05,Amit Sharma,M,1956-05-22,8942834102,"47, 2nd Main Road, Tambaram",600045,319
1217,2022-12-06,D. Sumathi,F,1979-05-23,6219604755,"78, Church Street, Guindy",600032,155
1218,2022-12-10,P. Arun,M,1973-09-16,7081409175,"118, Gandhi Street, Chromepet",600044,26
1219,2022-12-11,A. Nithya,F,1982-12-09,7322205504,"31, Church Street, Tambaram",600045,209
1220,2022-12-13,P. Ravi Kumar,M,1950-03-03,7745410864,"29, Nehru Road, T. Nagar",600017,52
1221,2022-12-14,Neha Sharma,F,1998-01-18,6763007853,"110, Big Street, Saidapet",600015,66
1222,2022-12-18,ARUN,M,1957-08-19,+91-8098246953,"No.32, Bharathi Street, Perambur",600011,256
1223,2022-12-19,R. Vasanthi,F,1987-02-23,8140564581,"37, Big Street, T. Nagar",600017,252
1224,2022-12-20,R. Deepa,F,1970-02-04,6048976081,"109, 2nd Main Road, Kodambakkam",600024,195
1225,2022-12-22,R. Deepa,F,04/02/1970,,"No.7, 4th Cross Street, Adyar",600020,195
1226,2022-12-25,T. Ganesh,M,1954-08-07,9343718243,"31, Nehru Road, Tambaram",600045,321
1227,2023-01-03,M. Bhuvana,F,03/08/1994,08767206610,"No.73, Station Rd., Mylapur",600005,301
1228,2023-01-03,M. Bhuvana,F,03/08/1994,08767206610,"No.73, Station Rd., Mylapur",600005,301
1229,2023-01-06,G. Murugan,M,1999-04-22,6603840010,"117, Lake View Road, Mylapore",600004,340
1230,2023-01-07,Anitha Nair,F,1966-12-05,7251531089,"58, Kamarajar Salai, Guindy",600032,61
1231,2023-01-08,Amit Singh,M,1989-06-15,7459849943,"8, Temple Street, Mylapore",600004,196
1232,2023-01-09,Mary George,F,1982-10-25,9845216340,"78, Nehru Road, Velachery",600042,179
1233,2023-01-18,S. Meena,F,1987-05-15,7711943180,"96, Lake View Road, Saidapet",600015,160
1234,2023-01-23,B. Saravanan,M,1959-03-23,9462582959,"39, Church Street, Perambur",600011,21
1235,2023-01-24,Sanjay Singh,M,2004-03-03,6202743455,"37, Big Street, Chromepet",600044,86
1236,2023-01-25,R. Anitha,F,2002-10-31,9748847992,"39, Church Street, Chromepet",600044,169
1237,2023-01-27,R. Sangeetha,F,1962-02-25,6954520619,"88, Big Street, Velachery",600042,91
1238,2023-01-27,Karthik D.,M,1954-04-18,+91 98710 62630,"No.1, Big Street, Saidapet",600015,40
1239,2023-02-01,J. Gopal,M,1980-10-23,6091352096,"7, Lake View Road, Adyar",600020,70
1240,2023-02-10,M. Bhuvana,F,1994-08-03,8767206610,"No.73, Station Rd, Mylapur",600004,301
1241,2023-02-11,P. Bhuvana,F,2000-02-25,9155619634,"36, Bharathi Street, Saidapet",600015,326
1242,2023-02-11,P. Meena,F,1960-09-15,9862308743,"83, 4th Cross Street, Saidapet",600015,118
1243,2023-02-14,K. Suresh,M,1989-09-17,7924074590,"10, Big Street, Mylapore",600004,298
1244,2023-02-24,Sanjay Sharma,M,06/02/1985,+91 75475 88823,"No. 2, Bharathi St., Saidapettai",600015,15
1245,2023-02-24,A. Bhuvana,F,1978-06-07,8141206483,"26, Temple Street, Chromepet",600044,210
1246,2023-02-28,Arjun Singh,M,1952-04-01,9426917278,"16, 2nd Main Road, Anna Nagar",600040,206
1247,2023-02-28,Rajesh,M,1999-01-26,8072768082,"80, 2nd Main Rd, Mylapore",600004,121
1248,2023-03-07,M. THOMAS,F,1975-04-23,62152 25628,"86, Nehru Rd, T Nagar",600017,108
1249,2023-03-10,T. Karthik,M,1986-06-09,6925489868,"78, Nehru Road, Adyar",600020,138
1250,2023-03-15,Mary Thomas,F,2004-03-22,8553986887,"48, Gandhi Street, Perambur",600011,49
1251,2023-03-16,N. Revathi,F,1988-08-16,9925568194,"90, 4th Cross Street, Mylapore",600004,185
1252,2023-03-18,G. Anitha,F,,+91 89479 30277,"No. 79, Gandhi Street, Chromepet",600044,264
1253,2023-03-19,Sujatha Rao,F,1988-12-25,6170353815,"49, Temple Street, Tambaram",600045,122
1254,2023-03-28,T. Ganesh,M,1974-10-02,7327754406,"45, Big Street, Guindy",600032,184
1255,2023-03-28,"Sharma, Amit",Male,1992-05-22,73495 07026,"84, Gandhi St, Anna Nagar",600040,286
1256,2023-03-29,Poojja Sharma,F,1984-02-09,8239957819,"No.115, Gandhi St, Tambaram",600046,317
1257,2023-03-31,M. Kavitha,F,1977-04-21,7690914117,"109, Gandhi Street, Tambaram",600045,79
1258,2023-04-06,Sanjay Singh,M,29/03/1991,+91-6353219490,"66, 4th Cross St., Gindy",600032,295
1259,2023-04-06,Riya Verma,F,1958-04-10,9419850482,"103, Gandhi Street, Adyar",600020,78
1260,2023-04-07,J. Manikandan,M,1995-11-11,7422426380,"105, Gandhi Street, Kodambakkam",600024,93
1261,2023-04-14,S. Prakash,M,1978-03-10,6624799491,"116, Church Street, Mylapore",600004,41
1262,2023-04-15,N. Ganesh,M,1972-11-26,7563313092,"112, Temple Street, Tambaram",600045,305
1263,2023-04-17,P. Selvam,M,1953-04-22,7205186467,"No. 98, Station Road, T Nagar",600017,307
1264,2023-04-22,Ganesh T,,,,"No.45, Big St, Guindy",600032,184
1265,2023-05-02,Sangita R.,f,04/04/1966,09344160358,"No. 55, Station Rd., T. Nagar",600017,136
1266,2023-05-06,D. Ramesh,M,1952-05-16,9391183155,"24, Bharathi Street, Anna Nagar",600040,8
1267,2023-05-06,D. Malathi,F,1992-10-26,8627534446,"21, Kamarajar Salai, Adyar",600020,174
1268,2023-05-07,M. Selvam,M,1997-09-28,6140119293,"1, 4th Cross Street, Kodambakkam",600024,300
1269,2023-05-12,G. Senthilkumar,M,1977-08-25,8051951212,"No. 47, Big Street, Saidapet",600015,302
1270,2023-05-20,Mr. Ramesh J.,M,1981-12-24,+91 63074 59699,"No.31, Gandhi St., Velachery",600042,284
1271,2023-05-25,Nikhil Gupta,M,1966-06-12,7757925406,"98, Big Street, Perambur",600011,279
1272,2023-05-26,Lakshmi Menon,F,1954-10-23,9453909060,"58, Kamarajar Salai, Porur",600116,13
1273,2023-05-29,D. Saravanan,M,2000-12-29,7881659250,"6, Nehru Road, Adyar",600020,82
1274,2023-06-13,Neha Mehta,F,2002-12-03,9991657027,"82, Station Road, Guindy",600032,85
1275,2023-06-16,Arjun Gupta,M,2002-01-21,7268234838,"87, Bharathi Street, Perambur",600011,248
1276,2023-06-16,Fathima Nasreen,F,1984-09-20,9819865050,"9, Market Road, Perambur",600011,134
1277,2023-06-20,R. Revathi,F,1951-06-29,7209940820,"73, 2nd Main Road, Perambur",600011,103
1278,2023-06-20,Pooja Mehta,F,1952-06-18,,"No. 16, Temple Street, Porur",600116,84
1279,2023-06-21,Anjali Verma,F,1995-09-01,6338647369,"26, Station Road, Adyar",600020,1
1280,2023-06-23,Mr. Gupta Rohit,Male,16/05/1983,7079117073,"No. 96, Lake View Road, Guindy",,145
1281,2023-07-02,T. Saravanan,M,1963-06-17,9244184119,"42, 4th Cross Street, Kodambakkam",600024,80
1282,2023-07-07,R. Sridhar,M,1989-05-29,8975099859,"98, Market Road, Saidapet",600015,128
1283,2023-07-07,R. Dinesh,M,1993-10-11,+91 81114 25123,"No. 47, Lake View Rd., Mylapore",600004,168
1284,2023-07-18,J. Shanthi,F,1973-07-28,9163659606,"98, Nehru Road, Adyar",600020,215
1285,2023-07-22,Kareem Abdul,,25/12/1985,7902592293,"No. 38, Gandhi St., Mylapore",600004,100
1286,2023-07-27,P. Gopal,M,1967-04-28,7876659044,"61, Station Road, Velachery",600042,183
1287,2023-07-30,Murugan V.,M,1951-08-09,+91-9323128941,"117, Lake View Rd., Gindy",600032,6
1288,2023-08-01,Fathima Nasreen,F,1981-02-16,9749660751,"111, Market Road, Mylapore",600004,9
1289,2023-08-03,N. Divya,Female,12/05/1962,+91-7659418572,"No.1, Kamarajar Salai, Saidapet",600015,278
1290,2023-08-04,Sanjay Singh,M,1950-11-20,6997712563,"17, Big Street, Velachery",600042,25
1291,2023-08-08,"KAREEM, ABDUL",M,1988-12-13,6667126919,"96, 4th Cross Street, Saidapettai",600015,220
1292,2023-08-17,D. Kavitha,F,1983-08-23,6496632398,"2, Nehru Road, Chromepet",600044,290
1293,2023-08-18,Neha Singh,F,1956-06-02,8208406705,"101, Big Street, T. Nagar",600017,48
1294,2023-09-02,MS. R. GAYATHRI,F,1972-11-22,+91 75075 85316,"9, Market Road, Mylapore",600004,67
1295,2023-09-18,Sneha Mehta,F,1985-08-05,8856575548,"102, Kamarajar Salai, Anna Nagar",600040,178
1296,2023-09-18,Riya Mehta,F,1985-05-17,7707798188,"No.15, Big Street, Adyar",600020,258
1297,2023-09-19,Srinivasa Murthy,M,1979-08-17,7514837554,"7, 4th Cross Street, Tambaram",600045,324
1298,2023-09-23,Ayesha Parveen,F,1988-12-09,7807335169,"119, Church Street, Adyar",600020,327
1299,2023-09-25,R. Dinesh,M,1993-10-11,8111425123,"47, Lake View Road, Mylapore",600004,168
1300,2023-09-25,T. Vasanthi,F,1999-02-02,6644785367,"18, Lake View Road, Kodambakkam",600024,198
1301,2023-10-05,"JAIN, ROHIT",M,1984-06-16,9150223462,"No. 9, 2nd Main Rd, Perambur",600011,142
1302,2023-10-08,Lakshmi Menon,F,1991-11-23,9384890105,"23, Market Road, Adyar",600020,170
1303,2023-10-08,T. Sridhar,M,1971-02-09,7747981265,"89, Temple Street, Anna Nagar",600040,120
1304,2023-10-10,"Singh, Neha",F,02/06/1956,8208406705,"No.88, Lake View Road, Perambur",600011,48
1305,2023-10-15,B. Anitha,F,1984-02-13,6485121410,"1, Temple Street, Velachery",600042,313
1306,2023-10-16,MR. SHARMA AMIT,M,1988-03-20,9768634935,"No.85, 2nd Main Rd, Saidapettai",600015,110
1307,2023-10-19,B. Anand,M,1998-10-24,9839625367,"87, Gandhi Street, Tambaram",600045,152
1308,2023-10-20,Amit Singh,M,1988-06-15,+91 74598 49943,"No. 8, Temple Street, Mylapore",600004,196
1309,2023-10-20,P. Venkatesan,M,1979-11-07,8971945994,"58, Big Street, Kodambakkam",600024,325
1310,2023-10-27,B. Jayalakshmi,F,1965-02-08,7261552573,"20, Station Road, Perambur",600011,199
1311,2023-10-29,Srinivasa Rao,M,1955-10-29,8483437965,"11, 4th Cross Street, Anna Nagar",600040,3
1312,2023-11-04,Sanjay Mehta,M,1980-07-30,6667452799,"73, Temple Street, Perambur",600011,141
1313,2023-11-06,R. Meena,F,1980-05-26,6241576144,"26, 4th Cross Street, T. Nagar",600017,60
1314,2023-11-06,R. Meena,F,1980-05-26,6241576144,"26, 4th Cross Street, T. Nagar",600017,60
1315,2023-11-07,N. Selvam,M,1983-03-10,7887162181,"43, 2nd Main Road, Saidapet",600015,304
1316,2023-11-20,K. Murugan,M,1961-01-13,7495040468,"41, Station Road, Porur",600116,148
1317,2023-11-21,D. Shanthi,F,1974-03-21,6299752214,"105, Kamarajar Salai, Mylapore",600004,33
1318,2023-11-22,Mary Thomas,F,1975-04-23,6215225628,"86, Nehru Road, T. Nagar",600017,108
1319,2023-11-23,A. Manikandan,M,1976-08-10,8078198293,"80, 4th Cross Street, Mylapore",600004,56
1320,2023-11-28,Sneha Sharma,F,2003-10-21,6469585930,"17, 4th Cross Street, Guindy",600032,107
1321,2023-12-02,A. Venkatesan,M,1950-03-10,8087087110,"97, Station Road, Saidapet",600015,241
1322,2023-12-11,B. Lakshmi,F,2003-12-16,7250370709,"57, Station Road, T. Nagar",600017,336
1323,2023-12-13,Neha Mehta,F,1997-12-03,8675778403,"74, Church Street, Mylapore",600004,123
1324,2023-12-20,A. Nithya,F,1956-06-20,8580196395,"14, Big Street, Velachery",600042,306
1325,2023-12-30,K. Arun,M,1957-08-19,8098246953,"32, Bharathi Street, Perambur",600011,256
1326,2023-12-31,S. Priya,F,1980-08-24,9436485138,"6, Church Street, Mylapore",600004,343
1327,2023-12-31,Sujatha Reddy,F,1999-07-19,6774700232,"15, Market Road, Guindy",600032,35
1328,2024-01-04,P. Jayalakshmi,F,1999-08-26,6647032987,"81, Temple Street, Kodambakkam",600024,106
1329,2024-01-04,P. Jayalakshmi,F,1999-08-26,6647032987,"81, Temple Street, Kodambakkam",600024,106
1330,2024-01-06,B. Meena,F,2003-12-16,7250370709,"57, Station Road, T. Nagar",600017,335
1331,2024-01-07,Mohammed Yusuf,M,1975-08-23,8362393933,"30, Market Road, Guindy",600032,250
1332,2024-01-10,T. Sumathi,F,1984-01-05,8271477135,"64, Kamarajar Salai, T. Nagar",600017,12
1333,2024-01-10,Kavitha,F,1977-04-21,,"No. 109, Gandhi Street, Tambaram",,79
1334,2024-01-13,Pooja Jain,F,1972-01-17,8378542812,"32, Station Road, Perambur",600011,303
1335,2024-01-15,Selvam M.,M,1997-09-28,61401 19293,"No.1, 4th Cross Street, Kodambakkam",600024,300
1336,2024-01-25,G. Rajesh,M,2004-09-10,7258133151,"26, Station Road, Perambur",600011,146
1337,2024-01-28,B. Nithya,F,1971-08-17,8770546796,"80, Big Street, Chromepet",600044,163
1338,2024-02-03,Ayesha Parveen,F,1952-06-03,6843235954,"47, Station Road, Tambaram",600045,257
1339,2024-02-08,Anil Kumar,M,1956-11-05,7079010514,"18, Gandhi Street, T. Nagar",600017,156
1340,2024-02-10,Abdul Rahman,M,1969-09-18,7279323620,"36, Temple Street, Mylapore",600004,133
1341,2024-02-17,K. Shanthi,F,1963-08-13,7881326013,"97, Gandhi Street, Guindy",600032,119
1342,2024-02-19,Fathima Beevi,F,1980-12-21,9315306815,"2, Station Road, Perambur",600011,202
1343,2024-02-20,Rohit Gupta,M,1972-07-17,7144417424,"2, Temple Street, Chromepet",600044,137
1344,2024-02-21,Nikhil Agarwal,M,1971-10-04,6687801580,"41, Temple Street, Adyar",600020,47
1345,2024-02-25,Rohit Verma,M,,08630099902,"34, Temple St., Velacheri",600042,158
1346,2024-02-28,Mohammed Ismail,M,1964-09-27,8819575763,"39, Market Road, Velachery",600042,346
1347,2024-02-29,Ayesha Parveen,F,1969-04-18,7007236217,"78, 4th Cross Street, Velachery",600042,22
1348,2024-03-02,"Mehta, Rohit",M,1955-06-05,+91 65118 79036,"No.118, Big Street, Porur",,64
1349,2024-03-03,N. Lakshmi,F,1974-03-30,6541973366,"64, Big Street, Anna Nagar",600040,334
1350,2024-03-04,M. Kavitha,F,1951-08-26,8815632642,"13, 4th Cross Street, Kodambakkam",600024,46
1351,2024-03-10,Ayesha Parveen,F,1977-09-29,7713726535,"105, Nehru Road, Velachery",600042,132
1352,2024-03-12,V. Ganesh,M,1974-04-29,9488023785,"70, Bharathi Street, Guindy",600032,149
1353,2024-03-19,R. Sangeetha,F,1966-04-04,9344160358,"55, Station Road, T. Nagar",600017,136
1354,2024-03-22,P. Revathi,F,1982-12-05,8658281823,"106, Kamarajar Salai, Guindy",600032,37
1355,2024-03-23,R. Ramesh,M,1988-07-21,7715387631,"115, Gandhi Street, Guindy",600032,293
1356,2024-03-24,A. Ram Kumar,Male,1998-02-14,+91-8921285429,"No.59, Church Street, Anna Nagar",600040,281
1357,2024-03-28,Venkata Ramana Reddy,M,1985-05-25,9870824716,"2, Market Road, T. Nagar",600017,111
1358,2024-03-29,Rohit Mehta,M,1955-06-05,6511879036,"118, Big Street, Porur",600116,64
1359,2024-03-31,Riya Mehta,F,1953-04-10,8234715538,"57, Market Road, Anna Nagar",600040,99
1360,2024-03-31,FATHIMA BEEVI,F,17/05/1952,,"No.99, Kamarajar Salai, Mylapur",600004,223
1361,2024-03-31,Sathi,F,1973-07-28,+91 91636 59606,"No. 98, Nehru Rd., Adyar",600020,215
1362,2024-04-03,DR. ROHIT MEHTA,M,1951-02-17,9302205978,"35, Church Street, Mylapur",600004,50
1363,2024-04-07,G. Gayathri,F,1990-02-13,7271668762,"62, Big Street, T. Nagar",600017,18
1364,2024-04-08,Joseph Xavier,M,1968-04-22,9019901266,"36, Market Road, Porur",600116,2
1365,2024-04-08,D. Jayalakshmi,F,1985-09-15,6307203708,"116, 2nd Main Road, Kodambakkam",600024,96
1366,2024-04-08,P. Selvam,M,1953-04-22,7205186467,"98, Station Road, T. Nagar",600017,307
1367,2024-04-13,S. Mehta,M,1980-07-30,6667452799,"No.73, Temple Street, Perambur",600011,141
1368,2024-04-17,B. Vijay,M,1955-01-05,8127611755,"91, Temple Street, Tambaram",600045,292
1369,2024-04-19,REVATHI S,f,1954-05-01,6438910635,"No.5, Temple St., Velachery",600042,135
1370,2024-05-06,G. SENTHIL KUMAR,M,,08990083326,"No. 100, Church Street, Perambur",600011,338
1371,2024-05-08,D. Saranya,F,1999-03-23,9583131011,"26, 4th Cross Street, Anna Nagar",600040,140
1372,2024-05-08,P. Vijay,M,1985-09-14,7067222384,"102, Bharathi Street, Adyar",600020,289
1373,2024-05-12,R. Divya,F,1959-06-15,8926164244,"37, Church Street, Adyar",600020,92
1374,2024-05-12,R. Divya,F,1959-06-15,8926164244,"37, Church Street, Adyar",600020,92
1375,2024-05-15,A. Saranya,F,1995-06-15,9872845292,"5, 4th Cross Street, Tambaram",600045,95
1376,2024-05-18,R. Balaji,M,1968-02-29,8405341125,"34, Temple Street, Chromepet",600044,212
1377,2024-05-18,MRS. R SANITA,F,25/02/1963,06954520619,"No.88, Big St., Velacheri",600042,91
1378,2024-05-24,T. Priya,F,1989-04-24,9378194698,"1, Kamarajar Salai, Kodambakkam",600024,276
1379,2024-05-24,Anjali Agarwal,F,2004-01-04,7516024753,"106, Big Street, Tambaram",600045,308
1380,2024-05-30,M. Bhuvana,F,1994-08-03,8767206610,"73, Station Road, Mylapore",600004,301
1381,2024-06-06,N. LAKSHMI,F,1976-06-18,,"No.94, 2nd Main Rd., Tambaram",600045,175
1382,2024-06-11,R. Gayathri,F,1972-11-22,7507585316,"9, Market Road, Mylapore",600004,67
1383,2024-06-16,V. Murugan,M,1951-08-09,9323128941,"117, Lake View Road, Guindy",600032,6
1384,2024-06-22,G. Murugan,M,1993-01-30,6774959841,"105, Lake View Road, Anna Nagar",600040,189
1385,2024-06-25,Rohit Mehta,M,1951-02-17,9302205978,"35, Church Street, Mylapore",600004,50
1386,2024-06-26,Abdul Majeed,M,1968-11-07,9262127195,"63, 4th Cross Street, Saidapet",600015,233
1387,2024-07-02,M Kavitha,F,21/04/1977,,"109, Gandhi Street, Tambaram",600045,79
1388,2024-07-06,Abdul Kareem,M,1985-12-25,7902592293,"38, Gandhi Street, Mylapore",600004,100
1389,2024-07-12,Rahul Jain,M,1998-11-10,7300347504,"92, Bharathi Street, T. Nagar",600017,191
1390,2024-07-12,Rahul Jain,M,1998-11-10,7300347504,"92, Bharathi Street, T. Nagar",600017,191
1391,2024-07-17,Riya Agarwal,F,2004-08-15,7593326581,"53, Station Road, Saidapet",600015,267
1392,2024-07-17,J. Sumathi,F,1994-12-24,6981720411,"72, Market Road, Tambaram",600045,187
1393,2024-07-21,B. Malathi,F,1962-06-22,9150405581,"112, 2nd Main Road, Saidapet",600015,213
1394,2024-07-27,P. Gayathri,F,1975-06-03,9194269518,"27, Bharathi Street, T. Nagar",600017,285
1395,2024-07-29,Anjali Agarwal,F,1962-06-11,9096026014,"34, Kamarajar Salai, Velachery",600042,172
1396,2024-08-02,K. Kavitha,F,1993-08-01,6316161909,"110, 2nd Main Road, Velachery",600042,109
1397,2024-08-11,B. Kavitha,F,1998-01-09,7993226530,"47, Temple Street, Saidapet",600015,249
1398,2024-08-22,Gopal V.,M,2001-10-30,07072714634,"44, Temple Street, Saidapettai",600015,329
1399,2024-08-26,G. Anitha,F,1978-12-05,8947930277,"79, Gandhi St, Chromepet",600044,264
1400,2024-08-28,P. Sumathi,F,08/07/1958,80426 48714,"26, Bharathi St, Porur",600116,323
1401,2024-08-30,D. Karthik,M,1954-04-18,9871062630,"1, Big Street, Saidapet",600015,40
1402,2024-09-02,A. Arun,M,1994-12-07,9722401610,"103, Kamarajar Salai, Mylapore",600004,299
1403,2024-09-08,Rohit Singh,M,1998-02-01,9031799820,"92, Market Road, Guindy",600032,31
1404,2024-09-10,S. Sangeetha,F,1994-01-01,6047632543,"97, Gandhi Street, Chromepet",600044,266
1405,2024-09-14,R. BALAJI,M,29/02/1968,8405341125,"No. 34, Temple Street, Chrompet",600044,212
1406,2024-09-16,K. Rajesh,M,1983-08-01,6716088966,"49, 2nd Main Road, Chromepet",600044,283
1407,2024-09-16,J. Karthik,M,1960-01-17,7789280798,"48, Market Road, Tambaram",600045,193
1408,2024-09-19,N. Karthik,M,1972-11-20,8454968441,"33, Church Street, Guindy",600032,243
1409,2024-09-25,S. Anitha,F,1964-06-15,6539376897,"42, 2nd Main Road, Porur",600116,5
1410,2024-09-26,S. Priya,F,1998-08-12,8093715562,"43, Lake View Road, Adyar",600020,342
1411,2024-09-29,Dr. Kavita B,F,09/01/1998,7993226530,"47, Temple Street, Saidapettai",600015,249
1412,2024-09-29,Suresh Pillai,M,1954-11-30,8380318015,"115, Temple Street, Guindy",600032,330
1413,2024-09-29,Arjun Singh,M,1952-04-01,09426917278,"16, 2nd Main Road, Annanagar",600040,206
1414,2024-09-29,Abdul Majeed,M,1973-09-28,7094431076,"51, Big Street, Tambaram",600045,157
1415,2024-10-02,D Ramesh,M,1952-05-16,+91 93911 83155,"No.24, Bharathi Street, Anna Nagar",600040,8
1416,2024-10-03,Joseph Xavier,M,22/04/1968,+91 90199 01266,"No. 36, Market Road, Porur",600116,2
1417,2024-10-06,Fathima Beevi,F,1980-05-04,7136718024,"39, 2nd Main Road, Perambur",600011,44
1418,2024-10-07,Ganesh,M,1974-04-29,9488023785,"50, Temple St, Velacheri",600042,149
1419,2024-10-09,M. Anitha,F,1972-06-12,9798247401,"42, Church Street, Porur",600116,197
1420,2024-10-12,K. Saravanan,M,1998-08-27,9674883666,"106, Church Street, Velachery",600042,38
1421,2024-10-19,Nithya A.,F,1982-12-09,+91 73222 05504,"No.31, Church St., Tambaram",600045,209
1422,2024-10-19,A. GUPTA,F,1960-03-12,09731022949,"77, Kamarajar Salai, Perambur",600011,320
1423,2024-10-21,Riya Jain,F,1960-01-30,6039481571,"104, Market Road, Adyar",600020,318
1424,2024-10-28,Murugan P.,Male,1951-10-31,6093883075,"18, Nehru Road, Kodambakam",600024,150
1425,2024-11-06,N. Nithya,F,1979-05-31,9453353184,"50, Market Road, T. Nagar",600017,216
1426,2024-11-08,"Menon, Lakshmi",F,1954-10-23,+91 94539 09060,"58, Kamarajar Salai, Porur",600116,13
1427,2024-11-16,J. VASANTHI,F,1961-01-17,7652599151,"41, Kamarajar Salai, Anna Nagar",600040,4
1428,2024-11-21,Nikhil Jain,M,15/05/2004,6861360736,"No. 65, Nehru Road, Velachery",600043,28
1429,2024-11-29,Karthik J.,M,1961-01-17,+91-7789280798,"No.48, Market Road, Tambaram",600045,193
1430,2024-12-03,G Senthilkummar,Male,1977-08-25,08051951212,"No. 44, Kamarajar Salai, Porur",600116,302
1431,2024-12-04,Joseph Mathew,M,1997-11-06,+91-9563761772,"No.86, Kamarajar Salai, Velachery",600042,117
1432,2024-12-08,P. Sumathi,F,1958-07-08,8042648714,"60, Gandhi Street, Velachery",600042,323
1433,2024-12-11,B. Karthik,M,1965-08-24,8168247798,"96, Gandhi Street, Anna Nagar",600040,242
1434,2024-12-12,G. Bhuvana,F,1986-05-31,+91 96364 72171,"No.65, Gandhi Street, Perambur",600011,63
1435,2024-12-15,G. Murugan,M,1965-12-28,6603840010,"117, Lake View Road, Mylapore",600004,339
1436,2024-12-29,M. Anand,M,1952-07-18,7645029087,"68, Lake View Road, Porur",600116,200
1437,2024-12-30,K SHANTHI,F,1963-08-13,7881326013,"No.97, Gandhi Street, Guindy",600032,119
1438,2025-01-02,Anitha Pillai,F,2004-11-25,6350024730,"86, 2nd Main Road, Velachery",600042,16
1439,2025-01-05,V. Deepa,F,1998-02-15,7138118506,"86, Church Street, Perambur",600011,246
1440,2025-01-05,K. Venkatesan,M,2004-04-20,9812987952,"80, Nehru Road, Kodambakkam",600024,104
1441,2025-01-13,Sanjay Singh,M,1991-03-29,6353219490,"66, 4th Cross Street, Guindy",600032,295
1442,2025-01-15,"Agarwal, Nikhil",M,04/10/1971,66878 01580,"No. 41, Temple St, Adyar",600020,47
1443,2025-01-20,T. Sathish,M,1953-11-25,8113538525,"110, 2nd Main Road, Porur",600116,11
1444,2025-01-20,B. Karthik,M,1953-01-27,8991514230,"66, Nehru Road, Tambaram",600045,45
1445,2025-01-28,Arjun Gupta,M,1953-06-23,9146377108,"115, Bharathi Street, Perambur",600011,260
1446,2025-02-02,Vikram Sharma,M,1998-05-10,8132943095,"30, Gandhi Street, Kodambakkam",600024,74
1447,2025-02-02,S. Priya,F,1959-02-21,8782951436,"70, Church Street, Velachery",600042,341
1448,2025-02-04,J. Sridhar,M,,8006272350,"No.84, 4th Cross Street, Mylapore",600004,14
1449,2025-02-05,Anjali Gupta,F,1960-03-12,9731022949,"77, Kamarajar Salai, Perambur",600011,320
1450,2025-02-05,B KARTHICK,M,27/01/1953,8991514230,"66, Nehru Road, Tambaram",600045,45
1451,2025-02-07,Anil Menon,M,2004-01-24,8481016617,"31, Bharathi Street, Tambaram",600045,182
1452,2025-02-14,Rohit Sharma,M,1961-11-19,8930149736,"113, Big Street, Mylapore",600004,34
1453,2025-02-20,Venkata Ramana Rao,M,1957-11-05,9226831542,"104, Kamarajar Salai, Mylapore",600004,186
1454,2025-02-23,Sneha Gupta,F,1969-02-16,7069147569,"3, Kamarajar Salai, Guindy",600032,73
1455,2025-02-27,N. Kavitha,F,1974-03-30,6541973366,"64, Big Street, Anna Nagar",600040,333
1456,2025-03-01,S. Malathi,F,1959-12-30,6576239950,"57, Market Road, Chromepet",600044,270
1457,2025-03-06,K. Sumathi,F,1959-09-25,7715967817,"29, Big Street, Perambur",600011,83
1458,2025-03-11,"GUPTA, SANJAY",M,25/01/1970,,"71, 2nd Main Road, Velacheri",600042,126
1459,2025-03-11,"GUPTA, SANJAY",M,25/01/1970,,"71, 2nd Main Road, Velacheri",600042,126
1460,2025-03-13,Mohammed Ismail,M,1954-08-09,8220045024,"68, Kamarajar Salai, Tambaram",600045,347
1461,2025-03-14,N. Divya,F,1962-05-12,7659418572,"1, Kamarajar Salai, Saidapet",600015,278
1462,2025-03-16,"Gupta, Arjn",m,,+91 72682 34838,"87, Bharathi Street, Perambur",600011,248
1463,2025-03-20,G. Anitha,F,1978-12-05,8947930277,"79, Gandhi Street, Chromepet",600044,264
1464,2025-03-25,Gopal,M,1967-04-28,9765288177,"No.61, Station Road, Velachery",600042,183
1465,2025-03-31,Anita,F,1984-02-13,06485121410,"No.1, Temple St., Velachery",600042,313
1466,2025-04-03,K. Anand,M,1970-02-02,6178472797,"84, Market Road, Velachery",600042,332
1467,2025-04-11,J. Prakash,M,1995-11-25,7819591949,"52, Gandhi Street, Saidapet",600015,309
1468,2025-04-11,Vijay P.,M,1985-09-14,,"No.96, Big Street, Tambaram",,289
1469,2025-04-13,Ayesha Parveen,F,1965-02-16,8672358230,"22, Lake View Road, Perambur",600011,269
1470,2025-04-18,P. Sathish,M,1966-05-03,9365202274,"70, Big Street, Kodambakkam",600024,27
1471,2025-04-20,P. Dinesh,M,1994-02-03,8242618015,"62, Temple Street, Guindy",600032,173
1472,2025-04-24,J. MATHEW,M,1955-11-20,+91-8580936429,"No.108, Kamarajar Salai, Guindy",600032,72
1473,2025-04-24,N. Gopal,M,1997-07-06,8563969995,"49, 2nd Main Road, Perambur",600011,54
1474,2025-05-05,Dr. P Venkatesan,M,1979-11-07,8971945994,"58, Big St, Kodambakkam",600024,325
1475,2025-05-06,Satish A,M,04/04/1968,+91 91682 67244,"No. 57, Temple Street, Tambaram",600045,244
1476,2025-05-11,S. Sathish,M,1953-02-08,9205405468,"25, Big Street, Kodambakkam",600024,221
1477,2025-05-11,P. Gayatri,F,1992-07-12,+91-6279751173,"No.15, Church Street, Perambur",600011,204
1478,2025-05-16,nAitha,F,17/06/1959,+91 95569 58553,"89, 2nd Main Rd., T. Nagar",600017,247
1479,2025-05-17,D. Divya,F,1953-10-20,7539008547,"70, 2nd Main Road, Mylapore",600004,39
1480,2025-05-25,Lakshmi Nair,F,1970-12-14,9914918171,"7, 4th Cross Street, Perambur",600011,77
1481,2025-05-26,Ayesha Parveen,F,1998-04-16,6477139870,"70, 4th Cross Street, Velachery",600042,211
1482,2025-05-27,Anil Menon,M,1965-10-18,9735640162,"118, Lake View Road, Guindy",600032,273
1483,2025-05-30,Sneha Singh,F,1971-03-21,6757015574,"53, Kamarajar Salai, Tambaram",600045,312
1484,2025-06-01,G. Anitha,F,1959-06-17,9556958553,"89, 2nd Main Road, T. Nagar",600017,247
1485,2025-06-01,Rohit Verma,M,1950-02-27,8630099902,"34, Temple Street, Velachery",600042,158
1486,2025-06-06,P. Murugan,M,1951-10-31,6093883075,"18, Nehru Road, Kodambakkam",600024,150
1487,2025-06-09,D. Rajesh,M,1993-03-09,9038146913,"109, Kamarajar Salai, T. Nagar",600017,116
1488,2025-06-11,G. Senthil Kumar,M,1963-01-01,8990083326,"95, Gandhi Street, Mylapore",600004,337
1489,2025-06-12,Reddy Sujatha,Female,1999-07-19,,"No. 15, Market Road, Gindy",600032,35
1490,2025-06-15,"Sing, Rohit",M,01/02/1998,,"No.92, Market Road, Gindy",600032,31
1491,2025-06-19,Rohit Gupta,M,1983-05-16,7079117073,"96, Lake View Road, Guindy",600032,145
1492,2025-06-25,D. Ramesh,M,1955-05-07,6405623726,"34, Bharathi Street, Perambur",600011,227
1493,2025-06-26,"JAIN, RIYA",F,1977-07-07,08557523708,"68, 2nd Main Road, Kodambakkam",600024,245
1494,2025-06-27,Riya Jain,F,1977-07-07,8557523708,"68, 2nd Main Road, Kodambakkam",600024,245
1495,2025-06-29,J. Ramesh,M,1981-12-24,6307459699,"31, Gandhi Street, Velachery",600042,284
1496,2025-07-01,J. Anitha,F,1958-11-03,7894892312,"36, 4th Cross Street, Velachery",600042,167
1497,2025-07-12,G. Ram Kumar,M,1973-06-20,7455350873,"19, Temple Street, Kodambakkam",600024,81
1498,2025-07-16,B. Selvam,M,1954-12-08,7460538426,"40, Nehru Road, Saidapet",600015,238
1499,2025-07-16,D. SANTHI,F,1974-03-21,62997 52214,"105, Kamarajar Salai, Mylapore",600004,33
1500,2025-07-17,J. Sridhar,M,1955-02-07,8006272350,"84, 4th Cross Street, Mylapore",600004,14
1501,2025-07-29,Nair Anitha,F,1966-12-05,7251531089,"58, Kamarajar Salai, Guindy",600032,61
1502,2025-08-05,Sujatha Rao,F,1963-07-24,6713638762,"49, Nehru Road, Tambaram",600045,253
1503,2025-08-11,B. Nithya,F,17/08/1971,8770546796,"No. 80, Big Street, Chrompet",600044,163
1504,2025-08-14,P. BHUVANA,F,1989-12-09,99606 56085,"No. 71, Gandhi St., Mylapur",600004,51
1505,2025-08-18,Arjun Agarwal,M,1962-12-28,7042309212,"43, Nehru Road, Adyar",600020,208
1506,2025-08-21,N. Malathi,F,1995-05-13,89969 21829,"30, Kamarajar Salai, Kodambakam",600024,125
1507,2025-08-23,Anil Menon,M,2003-09-04,6587440517,"20, Gandhi Street, Saidapet",600015,23
1508,2025-08-27,K. Saravanan,M,1970-02-02,6178472797,"84, Market Road, Velachery",600042,331
