id,floor_area_sqm,daily_sales_k,planted
1,40.3,35.2,kiosk
2,43.8,47.4,kiosk
3,43.3,50.7,kiosk
4,42.1,44.2,kiosk
5,460.9,220.8,supermarket
6,365.1,177.6,supermarket
7,58.0,84.0,local
8,36.3,35.3,kiosk
9,394.4,219.3,supermarket
10,37.0,35.2,kiosk
11,364.4,210.1,supermarket
12,310.1,92.6,supermarket
13,454.6,251.3,supermarket
14,361.2,195.3,supermarket
15,39.7,39.0,kiosk
16,500.4,293.3,supermarket
17,551.3,323.4,supermarket
18,36.7,37.6,kiosk
19,381.5,193.9,supermarket
20,424.5,241.6,supermarket
21,35.4,32.0,kiosk
22,42.3,41.2,kiosk
23,36.2,41.7,kiosk
24,42.2,42.9,kiosk
25,457.1,237.3,supermarket
26,457.7,231.6,supermarket
27,342.0,200.6,supermarket
28,44.6,48.4,kiosk
29,424.3,230.3,supermarket
30,479.3,226.9,supermarket
31,40.4,36.6,kiosk
32,40.7,40.2,kiosk
33,367.1,226.9,supermarket
34,43.9,45.2,kiosk
35,40.2,45.7,kiosk
36,44.4,47.8,kiosk
37,500.0,255.3,supermarket
38,427.3,231.9,supermarket
39,436.0,261.2,supermarket
40,37.8,40.9,kiosk
41,34.9,35.2,kiosk
42,36.6,36.7,kiosk
43,408.6,276.6,supermarket
44,366.8,221.5,supermarket
45,39.4,46.0,kiosk
46,491.2,301.8,supermarket
47,32.0,29.9,kiosk
48,450.5,203.5,supermarket
49,279.8,170.5,supermarket
50,459.9,227.0,supermarket
51,35.9,34.5,kiosk
52,30.1,25.6,kiosk
53,30.7,28.1,kiosk
54,395.2,269.4,supermarket
55,47.5,46.0,kiosk
56,590.1,332.9,supermarket
57,40.4,41.2,kiosk
58,41.4,40.8,kiosk
59,404.1,252.2,supermarket
60,352.1,190.3,supermarket
61,39.0,40.5,kiosk
62,413.0,277.4,supermarket
63,35.3,39.0,kiosk
64,43.4,44.5,kiosk
65,334.1,163.8,supermarket
66,37.6,37.0,kiosk
67,560.3,285.1,supermarket
68,425.9,270.3,supermarket
69,32.6,32.6,kiosk
70,349.2,175.0,supermarket
71,45.0,46.3,kiosk
72,30.0,55.0,local
73,36.5,34.8,kiosk
74,407.0,217.4,supermarket
75,44.6,43.6,kiosk
76,52.0,26.0,local
77,405.2,209.3,supermarket
78,333.8,180.1,supermarket
79,483.7,273.9,supermarket
80,38.4,42.7,kiosk
81,470.4,226.9,supermarket
82,288.9,138.6,supermarket
83,413.7,209.7,supermarket
84,40.6,36.1,kiosk
85,40.0,45.9,kiosk
86,503.6,280.8,supermarket
87,43.6,40.0,kiosk
88,37.1,38.0,kiosk
89,403.5,247.6,supermarket
90,43.0,42.1,kiosk
91,36.2,35.3,kiosk
92,40.2,43.8,kiosk
93,42.9,43.0,kiosk
94,38.6,45.5,kiosk
95,43.4,40.0,kiosk
96,41.5,36.2,kiosk
97,337.0,196.2,supermarket
98,48.3,50.7,kiosk
99,480.6,276.9,supermarket
100,490.2,293.7,supermarket
101,39.2,41.0,kiosk
102,37.4,38.8,kiosk
103,464.1,206.4,supermarket
104,40.0,41.6,kiosk
105,37.3,37.7,kiosk
106,33.5,33.0,kiosk
107,446.8,265.5,supermarket
108,41.0,41.1,kiosk
109,469.2,278.8,supermarket
110,308.5,194.4,supermarket
111,510.1,337.0,supermarket
112,40.0,40.0,kiosk
113,417.2,237.3,supermarket
114,43.1,42.6,kiosk
115,491.2,297.7,supermarket
116,40.0,33.7,kiosk
117,40.7,44.5,kiosk
118,283.1,135.8,supermarket
119,38.8,43.1,kiosk
120,41.5,40.1,kiosk
121,434.5,253.3,supermarket
122,378.9,231.9,supermarket
123,33.3,34.3,kiosk
124,32.6,33.9,kiosk
125,372.9,195.3,supermarket
126,434.9,264.1,supermarket
127,424.3,255.4,supermarket
128,36.6,35.1,kiosk
129,434.3,274.7,supermarket
130,37.4,42.8,kiosk
131,375.4,275.5,supermarket
132,43.6,50.9,kiosk
133,38.0,40.0,kiosk
134,48.5,50.9,kiosk
135,380.0,184.0,supermarket
136,612.3,321.9,supermarket
137,36.7,36.8,kiosk
138,40.2,38.4,kiosk
139,700.0,60.0,global
140,40.6,41.0,kiosk
141,47.1,43.3,kiosk
142,412.0,202.9,supermarket
143,39.6,46.1,kiosk
144,407.2,246.5,supermarket
145,426.8,314.3,supermarket
146,46.1,43.7,kiosk
147,305.4,148.7,supermarket
148,370.3,201.0,supermarket
149,42.7,45.6,kiosk
150,496.9,280.3,supermarket
151,571.5,318.6,supermarket
152,380.3,212.9,supermarket
153,400.3,264.4,supermarket
154,37.7,34.0,kiosk
155,38.6,40.7,kiosk
156,42.6,43.0,kiosk
157,627.8,362.1,supermarket
158,384.0,213.1,supermarket
159,35.2,34.6,kiosk
160,539.2,341.9,supermarket
161,41.5,43.2,kiosk
162,45.8,43.6,kiosk
163,407.9,209.7,supermarket
164,311.9,183.4,supermarket
165,462.9,301.9,supermarket
166,394.9,254.4,supermarket
167,335.4,166.7,supermarket
168,398.9,213.7,supermarket
169,43.8,39.4,kiosk
170,34.3,32.3,kiosk
171,45.7,44.5,kiosk
172,336.4,219.8,supermarket
173,40.0,34.5,kiosk
174,464.6,241.3,supermarket
175,457.2,230.0,supermarket
176,489.3,315.7,supermarket
177,36.0,39.7,kiosk
178,437.9,254.5,supermarket
179,479.3,221.4,supermarket
180,593.9,361.0,supermarket
181,407.2,189.3,supermarket
182,39.3,39.5,kiosk
183,37.9,37.7,kiosk
184,477.2,230.1,supermarket
185,43.0,43.3,kiosk
186,407.7,154.6,supermarket
187,382.6,241.0,supermarket
188,440.5,228.0,supermarket
189,334.3,229.1,supermarket
190,482.1,251.3,supermarket
191,414.7,238.3,supermarket
192,36.5,34.7,kiosk
193,40.1,36.0,kiosk
194,413.3,256.8,supermarket
195,414.2,198.4,supermarket
196,33.1,31.9,kiosk
197,44.4,44.6,kiosk
198,38.7,40.3,kiosk
199,412.0,206.7,supermarket
200,30.7,30.6,kiosk
201,39.0,33.4,kiosk
202,486.8,334.0,supermarket
203,33.2,36.2,kiosk
204,36.8,34.9,kiosk
205,470.6,260.1,supermarket
206,540.5,305.5,supermarket
207,403.2,253.9,supermarket
208,38.1,40.8,kiosk
209,39.3,40.0,kiosk
210,430.5,234.0,supermarket
211,29.6,30.1,kiosk
212,491.8,262.2,supermarket
213,392.2,246.7,supermarket
214,460.7,249.6,supermarket
215,481.9,246.9,supermarket
216,374.0,216.8,supermarket
217,36.7,34.4,kiosk
218,590.4,297.2,supermarket
219,464.4,245.3,supermarket
220,38.9,42.5,kiosk
221,37.1,38.4,kiosk
222,415.2,210.1,supermarket
223,38.4,38.3,kiosk
224,38.9,37.0,kiosk
225,40.5,43.8,kiosk
226,40.3,36.6,kiosk
227,40.2,36.5,kiosk
228,346.8,163.0,supermarket
229,422.1,259.7,supermarket
230,42.0,43.0,kiosk
231,492.7,260.4,supermarket
232,552.5,267.5,supermarket
233,40.8,43.0,kiosk
234,470.4,261.2,supermarket
235,468.2,265.4,supermarket
236,40.4,37.1,kiosk
237,40.8,40.6,kiosk
238,39.3,39.3,kiosk
239,44.8,47.5,kiosk
240,42.7,40.2,kiosk
241,447.0,278.3,supermarket
242,333.6,236.1,supermarket
243,37.4,36.5,kiosk
244,35.9,38.9,kiosk
245,40.0,72.0,local
246,39.0,41.3,kiosk
247,38.0,34.6,kiosk
248,421.3,202.9,supermarket
249,386.7,285.3,supermarket
250,533.0,298.6,supermarket
251,358.9,217.1,supermarket
252,416.5,257.2,supermarket
253,486.8,250.2,supermarket
254,41.2,36.7,kiosk
255,359.0,187.5,supermarket
256,36.0,36.3,kiosk
257,469.7,247.6,supermarket
258,375.8,187.7,supermarket
259,509.8,260.2,supermarket
260,46.7,49.0,kiosk
261,460.6,290.6,supermarket
262,501.4,228.6,supermarket
263,429.9,212.9,supermarket
264,42.6,39.5,kiosk
265,40.7,37.1,kiosk
266,44.6,47.9,kiosk
267,469.4,266.3,supermarket
268,38.1,35.6,kiosk
269,545.5,318.2,supermarket
270,44.1,43.8,kiosk
271,378.5,247.3,supermarket
272,439.2,265.9,supermarket
273,49.8,52.6,kiosk
274,35.2,32.7,kiosk
275,41.4,42.6,kiosk
276,39.6,35.0,kiosk
277,359.6,143.3,supermarket
278,37.9,40.7,kiosk
279,384.8,275.1,supermarket
280,40.9,39.9,kiosk
281,36.0,43.9,kiosk
282,37.3,41.0,kiosk
283,34.5,34.9,kiosk
284,39.1,36.4,kiosk
285,276.5,171.9,supermarket
286,45.5,47.0,kiosk
287,41.7,39.7,kiosk
288,43.2,44.5,kiosk
289,34.2,34.9,kiosk
290,454.9,233.2,supermarket
291,312.5,217.6,supermarket
292,44.4,41.1,kiosk
293,250.0,420.0,global
294,42.7,41.7,kiosk
295,449.5,246.3,supermarket
296,416.0,305.3,supermarket
297,427.5,263.0,supermarket
298,48.4,47.3,kiosk
299,393.7,195.7,supermarket
300,327.5,184.5,supermarket
301,37.0,32.5,kiosk
302,410.7,222.9,supermarket
303,40.5,39.9,kiosk
304,39.6,36.8,kiosk
305,35.4,38.9,kiosk
306,355.3,129.1,supermarket
